player,opponent,tournament,year,round,total_points_played,aces,double_faults,first_srv_pct_in,win_pct_first_srv,win_pct_second_srv,net_points_won,break_points_won,rec_pts_won,winners,unforced_errors,total_points_won,fastest_serve,avg_1st_serve,avg_2nd_serve,short_rallies_pts_won,medium_rallies_pts_won,long_rallies_pts_won,medium_rallies_pts_played,short_rallies_pts_played,long_rallies_pts_played
B.Krejcikova,A.Pavlyuchenkova,french_open,2021,7,160,2,5,58/80 (73%),32/58 (55%),12/22 (55%),11/15 (73%),6/14 (43%),41/80 (51%),34,31,85,109 mph,96 mph,85 mph,52,25,8,98,45,17
A.Pavlyuchenkova,B.Krejcikova,french_open,2021,7,160,2,1,53/80 (66%),26/53 (49%),13/27 (48%),2/6 (33%),5/12 (42%),36/80 (45%),23,16,75,107 mph,101 mph,81 mph,46,20,9,98,45,17
B.Krejcikova,M.Sakkari,french_open,2021,6,244,5,5,65/114 (57%),40/65 (62%),28/49 (57%),13/17 (76%),7/15 (47%),58/130 (45%),31,58,126,109 mph,93 mph,80 mph,67,37,22,131,70,43
M.Sakkari,B.Krejcikova,french_open,2021,6,244,2,3,80/130 (62%),49/80 (61%),23/50 (46%),5/8 (63%),6/11 (55%),46/114 (40%),27,53,118,118 mph,101 mph,85 mph,64,33,21,131,70,43
A.Pavlyuchenkova,T.Zidansek,french_open,2021,6,139,3,3,50/76 (66%),29/50 (58%),14/26 (54%),4/10 (40%),6/10 (60%),32/63 (51%),19,22,75,107 mph,99 mph,81 mph,44,22,9,79,43,17
T.Zidansek,A.Pavlyuchenkova,french_open,2021,6,139,1,3,47/63 (75%),25/47 (53%),6/16 (38%),10/11 (91%),4/11 (36%),33/76 (43%),27,33,64,102 mph,90 mph,77 mph,35,21,8,79,43,17
C.Gauff,B.Krejcikova,french_open,2021,5,163,4,7,50/75 (67%),27/50 (54%),10/25 (40%),4/6 (67%),3/10 (30%),36/88 (41%),25,41,73,118 mph,104 mph,91 mph,38,20,15,98,41,24
B.Krejcikova,C.Gauff,french_open,2021,5,163,5,8,52/88 (59%),36/52 (69%),16/36 (44%),7/14 (50%),4/6 (67%),38/75 (51%),27,28,90,108 mph,98 mph,81 mph,60,21,9,98,41,24
M.Sakkari,I.Swiatek,french_open,2021,5,123,5,2,35/62 (56%),29/35 (83%),14/27 (52%),6/8 (75%),3/8 (38%),26/61 (43%),26,24,69,113 mph,103 mph,90 mph,46,16,7,84,30,9
I.Swiatek,M.Sakkari,french_open,2021,5,123,0,2,33/61 (54%),23/33 (70%),12/28 (43%),5/6 (83%),1/6 (17%),19/62 (31%),17,25,54,111 mph,98 mph,72 mph,38,14,2,84,30,9
E.Rybakina,A.Pavlyuchenkova,french_open,2021,5,234,5,6,66/127 (52%),44/66 (67%),31/61 (51%),12/18 (67%),3/7 (43%),38/107 (36%),46,43,113,118 mph,105 mph,84 mph,73,30,10,155,64,15
A.Pavlyuchenkova,E.Rybakina,french_open,2021,5,234,5,2,74/107 (69%),51/74 (69%),18/33 (55%),8/15 (53%),6/17 (35%),52/127 (41%),44,28,121,109 mph,96 mph,83 mph,82,34,5,155,64,15
T.Zidansek,P.Badosa,french_open,2021,5,225,1,3,81/121 (67%),49/81 (60%),16/40 (40%),8/9 (89%),8/13 (62%),49/104 (47%),48,39,114,105 mph,91 mph,77 mph,58,39,17,109,81,35
P.Badosa,T.Zidansek,french_open,2021,5,225,2,9,70/104 (67%),40/70 (57%),15/34 (44%),9/15 (60%),7/14 (50%),56/121 (46%),31,47,111,112 mph,93 mph,83 mph,51,42,18,109,81,35
O.Jabeur,C.Gauff,french_open,2021,4,91,4,4,26/50 (52%),19/26 (73%),8/24 (33%),4/9 (44%),0/0 (0%),9/41 (22%),18,21,36,108 mph,97 mph,70 mph,18,15,2,51,29,7
C.Gauff,O.Jabeur,french_open,2021,4,91,2,0,27/41 (66%),22/27 (81%),10/14 (71%),13/17 (76%),4/11 (36%),23/50 (46%),15,9,55,119 mph,99 mph,83 mph,33,14,5,51,29,7
S.Stephens,B.Krejcikova,french_open,2021,4,95,1,0,39/49 (80%),18/39 (46%),4/10 (40%),2/3 (67%),0/3 (0%),13/46 (28%),9,26,35,103 mph,91 mph,71 mph,12,17,5,38,41,15
B.Krejcikova,S.Stephens,french_open,2021,4,95,1,0,28/46 (61%),23/28 (82%),10/18 (56%),4/5 (80%),5/8 (63%),27/49 (55%),10,19,60,107 mph,96 mph,76 mph,26,24,10,38,41,15
S.Kenin,M.Sakkari,french_open,2021,4,108,0,9,28/58 (48%),16/28 (57%),9/30 (30%),6/10 (60%),2/3 (67%),20/50 (40%),14,32,45,94 mph,90 mph,86 mph,27,16,1,66,35,6
M.Sakkari,S.Kenin,french_open,2021,4,108,4,4,25/50 (50%),21/25 (84%),9/25 (36%),7/10 (70%),6/10 (60%),33/58 (57%),19,15,63,114 mph,98 mph,86 mph,39,19,5,66,35,6
M.Kostyuk,I.Swiatek,french_open,2021,4,140,2,4,44/72 (61%),25/44 (57%),12/28 (43%),11/18 (61%),2/7 (29%),26/68 (38%),20,27,63,111 mph,97 mph,83 mph,31,21,11,74,43,23
I.Swiatek,M.Kostyuk,french_open,2021,4,140,1,1,38/68 (56%),28/38 (74%),14/30 (47%),8/13 (62%),4/12 (33%),35/72 (49%),24,22,77,109 mph,98 mph,79 mph,43,22,12,74,43,23
S.Williams,E.Rybakina,french_open,2021,4,117,2,1,29/51 (57%),17/29 (59%),9/22 (41%),3/6 (50%),3/5 (60%),25/66 (38%),15,19,51,119 mph,105 mph,85 mph,30,17,4,74,35,8
E.Rybakina,S.Williams,french_open,2021,4,117,4,4,39/66 (59%),27/39 (69%),14/27 (52%),6/7 (86%),5/7 (71%),25/51 (49%),21,13,66,116 mph,106 mph,85 mph,44,18,4,74,35,8
V.Azarenka,A.Pavlyuchenkova,french_open,2021,4,180,3,5,52/84 (62%),30/52 (58%),10/32 (31%),13/21 (62%),6/12 (50%),44/96 (46%),31,30,84,106 mph,95 mph,81 mph,44,30,10,103,54,23
A.Pavlyuchenkova,V.Azarenka,french_open,2021,4,180,3,4,68/96 (71%),43/68 (63%),9/28 (32%),13/22 (59%),8/15 (53%),44/84 (52%),45,27,96,106 mph,94 mph,83 mph,59,24,13,103,54,23
T.Zidansek,S.Cirstea,french_open,2021,4,134,1,3,55/81 (68%),37/55 (67%),15/26 (58%),4/8 (50%),3/4 (75%),21/53 (40%),20,20,73,105 mph,95 mph,82 mph,42,22,9,78,40,16
S.Cirstea,T.Zidansek,french_open,2021,4,134,1,2,28/53 (53%),18/28 (64%),14/25 (56%),10/18 (56%),1/7 (14%),29/81 (36%),20,28,61,105 mph,100 mph,82 mph,36,18,7,78,40,16
M.Vondrousova,P.Badosa,french_open,2021,4,173,2,6,60/92 (65%),35/60 (58%),16/32 (50%),6/10 (60%),3/9 (33%),31/81 (38%),26,39,82,109 mph,95 mph,79 mph,46,23,13,88,50,35
P.Badosa,M.Vondrousova,french_open,2021,4,173,2,3,54/81 (67%),37/54 (69%),13/27 (48%),9/16 (56%),5/10 (50%),41/92 (45%),30,30,91,114 mph,99 mph,80 mph,42,27,22,88,50,35
M.Linette,O.Jabeur,french_open,2021,3,139,0,6,49/78 (63%),29/49 (59%),7/29 (24%),13/22 (59%),2/3 (67%),21/61 (34%),16,27,57,103 mph,96 mph,82 mph,33,16,7,88,38,12
O.Jabeur,M.Linette,french_open,2021,3,139,4,0,29/61 (48%),20/29 (69%),20/32 (63%),6/10 (60%),6/14 (43%),42/78 (54%),26,21,82,109 mph,96 mph,75 mph,55,22,5,88,38,12
C.Gauff,J.Brady,french_open,2021,3,35,2,1,12/19 (63%),12/12 (100%),4/7 (57%),3/3 (100%),2/3 (67%),9/16 (56%),7,1,25,118 mph,98 mph,70 mph,15,9,0,22,11,1
J.Brady,C.Gauff,french_open,2021,3,35,0,1,9/16 (56%),6/9 (67%),1/7 (14%),1/1 (100%),0/0 (0%),3/19 (16%),5,5,10,110 mph,106 mph,80 mph,7,2,1,22,11,1
S.Stephens,K.Muchova,french_open,2021,3,150,0,0,69/82 (84%),46/69 (67%),4/13 (31%),6/13 (46%),4/7 (57%),32/68 (47%),22,25,82,105 mph,86 mph,74 mph,28,28,26,59,43,48
K.Muchova,S.Stephens,french_open,2021,3,150,1,1,46/68 (68%),26/46 (57%),10/22 (45%),10/28 (36%),2/6 (33%),32/82 (39%),23,32,68,108 mph,96 mph,78 mph,31,15,22,59,43,48
B.Krejcikova,E.Svitolina,french_open,2021,3,143,2,1,53/77 (69%),36/53 (68%),6/24 (25%),14/18 (78%),6/13 (46%),36/66 (55%),38,28,78,108 mph,93 mph,83 mph,24,37,17,61,56,26
E.Svitolina,B.Krejcikova,french_open,2021,3,143,3,2,39/66 (59%),20/39 (51%),10/27 (37%),6/11 (55%),2/7 (29%),35/77 (45%),20,19,65,108 mph,99 mph,77 mph,37,19,9,61,56,26
S.Kenin,J.Pegula,french_open,2021,3,202,6,10,57/92 (62%),37/57 (65%),14/35 (40%),11/16 (69%),7/17 (41%),55/110 (50%),48,41,106,97 mph,90 mph,86 mph,67,31,7,130,58,13
J.Pegula,S.Kenin,french_open,2021,3,202,4,6,67/110 (61%),42/67 (63%),13/43 (30%),11/18 (61%),5/10 (50%),41/92 (45%),18,26,96,108 mph,95 mph,82 mph,63,27,6,130,58,13
M.Sakkari,E.Mertens,french_open,2021,3,235,9,4,70/116 (60%),46/70 (66%),23/46 (50%),9/18 (50%),6/15 (40%),51/119 (43%),53,48,120,117 mph,101 mph,86 mph,60,45,15,117,81,37
E.Mertens,M.Sakkari,french_open,2021,3,235,2,4,79/119 (66%),47/79 (59%),21/40 (53%),15/22 (68%),3/12 (25%),47/116 (41%),31,38,115,114 mph,98 mph,85 mph,57,36,22,117,81,37
M.Kostyuk,V.Gracheva,french_open,2021,3,95,5,2,35/51 (69%),30/35 (86%),7/16 (44%),5/7 (71%),4/6 (67%),24/44 (55%),17,11,61,111 mph,92 mph,78 mph,32,18,11,49,31,15
V.Gracheva,M.Kostyuk,french_open,2021,3,95,2,6,19/44 (43%),10/19 (53%),10/25 (40%),3/7 (43%),0/3 (0%),14/51 (27%),14,29,34,109 mph,99 mph,82 mph,17,13,4,49,31,15
A.Kontaveit,I.Swiatek,french_open,2021,3,121,4,3,37/58 (64%),24/37 (65%),8/21 (38%),12/16 (75%),1/2 (50%),20/63 (32%),31,23,52,104 mph,98 mph,80 mph,28,23,1,74,38,9
I.Swiatek,A.Kontaveit,french_open,2021,3,121,2,3,36/63 (57%),27/36 (75%),16/27 (59%),3/6 (50%),4/5 (80%),26/58 (45%),21,12,69,112 mph,102 mph,79 mph,46,15,8,74,38,9
S.Williams,D.Collins,french_open,2021,3,119,5,5,35/59 (59%),28/35 (80%),9/24 (38%),8/12 (67%),4/8 (50%),27/60 (45%),22,20,64,118 mph,103 mph,88 mph,45,17,2,79,36,4
D.Collins,S.Williams,french_open,2021,3,119,1,3,28/60 (47%),22/28 (79%),11/32 (34%),4/6 (67%),2/4 (50%),22/59 (37%),18,21,55,106 mph,100 mph,82 mph,34,19,2,79,36,4
E.Rybakina,E.Vesnina,french_open,2021,3,100,12,2,30/47 (64%),25/30 (83%),11/17 (65%),6/7 (86%),4/9 (44%),27/53 (51%),26,13,63,116 mph,106 mph,79 mph,44,12,6,69,23,7
E.Vesnina,E.Rybakina,french_open,2021,3,100,1,1,39/53 (74%),19/39 (49%),7/14 (50%),3/5 (60%),1/1 (100%),11/47 (23%),9,18,37,106 mph,99 mph,90 mph,25,11,1,69,23,7
V.Azarenka,M.Keys,french_open,2021,3,106,0,2,36/50 (72%),24/36 (67%),8/14 (57%),2/5 (40%),5/11 (45%),30/56 (54%),6,12,62,106 mph,97 mph,83 mph,36,18,8,61,26,19
M.Keys,V.Azarenka,french_open,2021,3,106,0,0,37/56 (66%),19/37 (51%),7/19 (37%),2/6 (33%),1/2 (50%),18/50 (36%),17,33,44,111 mph,100 mph,82 mph,25,8,11,61,26,19
A.Pavlyuchenkova,A.Sabalenka,french_open,2021,3,140,2,2,46/74 (62%),28/46 (61%),14/28 (50%),9/14 (64%),5/10 (50%),30/66 (45%),22,16,72,106 mph,96 mph,80 mph,54,13,5,104,30,6
A.Sabalenka,A.Pavlyuchenkova,french_open,2021,3,140,6,8,36/66 (55%),26/36 (72%),10/30 (33%),9/11 (82%),3/7 (43%),32/74 (43%),41,39,68,120 mph,105 mph,92 mph,50,17,1,104,30,6
T.Zidansek,K.Siniakova,french_open,2021,3,161,0,4,55/88 (63%),32/55 (58%),16/33 (48%),9/16 (56%),4/4 (100%),30/73 (41%),17,31,78,102 mph,89 mph,78 mph,35,32,11,68,64,28
K.Siniakova,T.Zidansek,french_open,2021,3,161,0,4,44/73 (60%),28/44 (64%),15/29 (52%),14/20 (70%),5/10 (50%),40/88 (45%),30,45,83,104 mph,86 mph,85 mph,33,32,17,68,64,28
S.Cirstea,D.Kasatkina,french_open,2021,3,119,2,2,45/61 (74%),28/45 (62%),7/16 (44%),9/17 (53%),5/11 (45%),30/58 (52%),31,20,65,106 mph,100 mph,81 mph,33,23,8,59,42,17
D.Kasatkina,S.Cirstea,french_open,2021,3,119,2,3,39/58 (67%),26/39 (67%),2/19 (11%),4/4 (100%),2/6 (33%),26/61 (43%),17,15,54,108 mph,86 mph,72 mph,26,19,9,59,42,17
P.Hercog,M.Vondrousova,french_open,2021,3,109,1,2,26/47 (55%),15/26 (58%),12/21 (57%),12/18 (67%),0/6 (0%),20/62 (32%),13,35,47,114 mph,106 mph,83 mph,20,17,10,54,34,20
M.Vondrousova,P.Hercog,french_open,2021,3,109,3,1,40/62 (65%),29/40 (73%),13/22 (59%),4/8 (50%),3/6 (50%),20/47 (43%),12,14,62,107 mph,93 mph,76 mph,34,17,10,54,34,20
P.Badosa,A.Bogdan,french_open,2021,3,237,0,5,80/110 (73%),45/80 (56%),12/30 (40%),7/16 (44%),6/22 (27%),59/127 (46%),36,59,116,114 mph,96 mph,82 mph,38,39,39,91,76,69
A.Bogdan,P.Badosa,french_open,2021,3,237,3,5,87/127 (69%),50/87 (57%),18/40 (45%),4/7 (57%),7/14 (50%),53/110 (48%),37,49,121,113 mph,98 mph,79 mph,53,37,30,91,76,69
A.Barty,M.Linette,french_open,2021,2,65,2,4,13/33 (39%),10/13 (77%),8/20 (40%),1/2 (50%),0/1 (0%),7/32 (22%),9,18,25,109 mph,101 mph,82 mph,13,6,6,37,16,11
M.Linette,A.Barty,french_open,2021,2,65,4,0,23/32 (72%),19/23 (83%),6/9 (67%),1/1 (100%),2/7 (29%),15/33 (45%),12,9,40,105 mph,95 mph,79 mph,24,10,5,37,16,11
A.Sharma,O.Jabeur,french_open,2021,2,110,0,1,42/62 (68%),26/42 (62%),7/20 (35%),13/21 (62%),1/1 (100%),14/48 (29%),10,19,47,109 mph,96 mph,76 mph,32,11,4,75,25,9
O.Jabeur,A.Sharma,french_open,2021,2,110,2,1,27/48 (56%),19/27 (70%),15/21 (71%),5/6 (83%),4/11 (36%),29/62 (47%),24,18,63,105 mph,96 mph,77 mph,43,14,5,75,25,9
C.Gauff,Q.Wang,french_open,2021,2,142,1,5,56/77 (73%),35/56 (63%),11/21 (52%),11/13 (85%),4/8 (50%),29/65 (45%),23,34,75,118 mph,93 mph,87 mph,38,26,11,78,43,20
Q.Wang,C.Gauff,french_open,2021,2,142,1,0,39/65 (60%),25/39 (64%),11/26 (42%),3/10 (30%),3/10 (30%),31/77 (40%),19,25,67,106 mph,95 mph,75 mph,40,17,9,78,43,20
F.Ferro,J.Brady,french_open,2021,2,181,0,3,62/97 (64%),35/62 (56%),16/35 (46%),3/4 (75%),6/8 (75%),37/84 (44%),25,40,88,108 mph,90 mph,77 mph,52,22,14,94,61,26
J.Brady,F.Ferro,french_open,2021,2,181,4,6,43/84 (51%),26/43 (60%),21/41 (51%),4/6 (67%),6/7 (86%),46/97 (47%),28,33,93,114 mph,100 mph,79 mph,42,39,12,94,61,26
Ka.Pliskova,S.Stephens,french_open,2021,2,134,1,5,35/61 (57%),18/35 (51%),10/26 (38%),8/11 (73%),2/7 (29%),29/73 (40%),17,38,57,114 mph,103 mph,83 mph,28,19,9,73,40,20
S.Stephens,Ka.Pliskova,french_open,2021,2,134,2,2,54/73 (74%),37/54 (69%),7/19 (37%),5/8 (63%),6/11 (55%),33/61 (54%),22,17,77,106 mph,91 mph,79 mph,45,21,11,73,40,20
V.Lepchenko,K.Muchova,french_open,2021,2,138,2,1,50/73 (68%),34/50 (68%),6/23 (26%),11/18 (61%),0/6 (0%),22/65 (34%),19,25,62,103 mph,93 mph,78 mph,38,15,9,82,41,15
K.Muchova,V.Lepchenko,french_open,2021,2,138,1,1,37/65 (57%),29/37 (78%),14/28 (50%),10/13 (77%),3/9 (33%),33/73 (45%),26,19,76,108 mph,100 mph,82 mph,44,26,6,82,41,15
E.Alexandrova,B.Krejcikova,french_open,2021,2,95,1,5,24/44 (55%),16/24 (67%),5/20 (25%),2/6 (33%),1/2 (50%),17/51 (33%),9,29,38,na,na,na,na,na,na
B.Krejcikova,E.Alexandrova,french_open,2021,2,95,6,3,27/51 (53%),23/27 (85%),11/24 (46%),6/7 (86%),4/7 (57%),23/44 (52%),11,19,57,na,na,na,na,na,na
A.Li,E.Svitolina,french_open,2021,2,117,2,3,43/64 (67%),23/43 (53%),7/21 (33%),3/6 (50%),1/4 (25%),19/53 (36%),17,28,49,109 mph,98 mph,80 mph,26,16,7,58,40,19
E.Svitolina,A.Li,french_open,2021,2,117,1,1,31/53 (58%),23/31 (74%),11/22 (50%),9/14 (64%),5/9 (56%),34/64 (53%),19,20,68,108 mph,100 mph,82 mph,32,24,12,58,40,19
S.Kenin,H.Baptiste,french_open,2021,2,135,1,4,38/66 (58%),27/38 (71%),14/28 (50%),2/4 (50%),5/12 (42%),33/69 (48%),20,22,74,96 mph,93 mph,88 mph,52,18,3,95,31,8
H.Baptiste,S.Kenin,french_open,2021,2,135,5,10,34/69 (49%),23/34 (68%),13/35 (37%),8/13 (62%),2/7 (29%),25/66 (38%),20,32,61,116 mph,108 mph,88 mph,43,13,5,95,31,8
T.Martincova,J.Pegula,french_open,2021,2,142,1,2,52/69 (75%),26/52 (50%),8/17 (47%),8/13 (62%),1/6 (17%),29/73 (40%),17,26,63,na,na,na,na,na,na
J.Pegula,T.Martincova,french_open,2021,2,142,1,4,47/73 (64%),34/47 (72%),10/26 (38%),11/16 (69%),4/9 (44%),35/69 (51%),22,25,79,na,na,na,na,na,na
M.Sakkari,J.Paolini,french_open,2021,2,118,5,1,32/46 (70%),26/32 (81%),6/14 (43%),3/5 (60%),5/14 (36%),37/72 (51%),29,20,69,110 mph,100 mph,85 mph,46,15,8,78,26,14
J.Paolini,M.Sakkari,french_open,2021,2,118,0,1,55/72 (76%),27/55 (49%),8/17 (47%),4/5 (80%),1/3 (33%),14/46 (30%),12,18,49,98 mph,88 mph,75 mph,32,11,6,78,26,14
Z.Diyas,E.Mertens,french_open,2021,2,183,0,3,63/98 (64%),39/63 (62%),15/35 (43%),15/20 (75%),3/6 (50%),30/85 (35%),28,30,84,105 mph,93 mph,83 mph,33,31,20,80,58,45
E.Mertens,Z.Diyas,french_open,2021,2,183,3,6,50/85 (59%),37/50 (74%),18/35 (51%),13/15 (87%),5/13 (38%),44/98 (45%),39,31,99,116 mph,100 mph,81 mph,47,27,25,80,58,45
M.Kostyuk,S.Zheng,french_open,2021,2,142,3,1,47/78 (60%),29/47 (62%),16/31 (52%),16/23 (70%),4/6 (67%),32/64 (50%),34,28,77,na,na,na,na,na,na
S.Zheng,M.Kostyuk,french_open,2021,2,142,0,2,41/64 (64%),23/41 (56%),9/23 (39%),15/26 (58%),2/7 (29%),33/78 (42%),19,24,65,na,na,na,na,na,na
V.Gracheva,C.Giorgi,french_open,2021,2,181,2,3,48/84 (57%),32/48 (67%),19/36 (53%),3/5 (60%),4/13 (31%),39/97 (40%),20,31,90,na,na,na,na,na,na
C.Giorgi,V.Gracheva,french_open,2021,2,181,0,5,54/97 (56%),35/54 (65%),23/43 (53%),12/14 (86%),3/5 (60%),33/84 (39%),34,47,91,na,na,na,na,na,na
A.Kontaveit,K.Mladenovic,french_open,2021,2,77,3,1,17/40 (43%),13/17 (76%),18/23 (78%),5/7 (71%),5/9 (56%),23/37 (62%),20,12,54,106 mph,99 mph,80 mph,37,14,3,52,20,5
K.Mladenovic,A.Kontaveit,french_open,2021,2,77,0,5,20/37 (54%),10/20 (50%),4/17 (24%),2/6 (33%),0/2 (0%),9/40 (23%),7,25,23,103 mph,95 mph,75 mph,15,6,2,52,20,5
R.Peterson,I.Swiatek,french_open,2021,2,89,1,3,34/48 (71%),16/34 (47%),2/14 (14%),1/6 (17%),1/4 (25%),13/41 (32%),7,23,31,108 mph,100 mph,90 mph,21,6,4,46,31,12
I.Swiatek,R.Peterson,french_open,2021,2,89,2,1,25/41 (61%),20/25 (80%),8/16 (50%),5/5 (100%),6/15 (40%),30/48 (63%),22,12,58,110 mph,100 mph,77 mph,25,25,8,46,31,12
S.Williams,M.Buzarnescu,french_open,2021,2,171,5,2,52/82 (63%),39/52 (75%),18/30 (60%),6/12 (50%),5/14 (36%),40/89 (45%),26,27,97,118 mph,100 mph,82 mph,64,23,10,105,46,20
M.Buzarnescu,S.Williams,french_open,2021,2,171,0,7,54/89 (61%),33/54 (61%),16/35 (46%),5/6 (83%),2/7 (29%),25/82 (30%),25,28,74,100 mph,92 mph,83 mph,41,23,10,105,46,20
D.Collins,A.Kalinina,french_open,2021,2,97,6,5,21/47 (45%),17/21 (81%),13/26 (50%),2/2 (100%),6/8 (75%),32/50 (64%),28,22,62,106 mph,97 mph,78 mph,47,12,2,71,20,5
A.Kalinina,D.Collins,french_open,2021,2,97,0,2,31/50 (62%),13/31 (42%),5/19 (26%),2/2 (100%),1/3 (33%),17/47 (36%),6,19,35,108 mph,91 mph,81 mph,24,8,3,71,20,5
E.Rybakina,N.Hibino,french_open,2021,2,98,4,0,27/41 (66%),24/27 (89%),9/14 (64%),8/10 (80%),4/7 (57%),30/57 (53%),20,16,63,116 mph,105 mph,80 mph,40,18,5,58,29,11
N.Hibino,E.Rybakina,french_open,2021,2,98,1,3,32/57 (56%),18/32 (56%),9/25 (36%),3/3 (100%),0/0 (0%),8/41 (20%),9,15,35,98 mph,91 mph,75 mph,18,11,6,58,29,11
E.Vesnina,P.Kvitova,french_open,2021,2,,na,na,na,na,na,na,na,na,na,na,na,na,na,na,na,na,na,na,na,na,na
P.Kvitova,E.Vesnina,french_open,2021,2,,na,na,na,na,na,na,na,na,na,na,na,na,na,na,na,na,na,na,na,na,na
V.Azarenka,C.Tauson,french_open,2021,2,145,2,7,43/70 (61%),31/43 (72%),10/27 (37%),8/12 (67%),5/13 (38%),35/75 (47%),18,27,76,105 mph,97 mph,77 mph,43,22,11,79,49,16
C.Tauson,V.Azarenka,french_open,2021,2,145,2,4,46/75 (61%),27/46 (59%),13/29 (45%),6/10 (60%),3/4 (75%),29/70 (41%),19,32,69,108 mph,95 mph,81 mph,36,27,5,79,49,16
L.Fernandez,M.Keys,french_open,2021,2,144,0,6,45/77 (58%),22/45 (49%),15/32 (47%),7/10 (70%),2/8 (25%),25/67 (37%),6,23,62,101 mph,90 mph,83 mph,41,17,4,94,43,7
M.Keys,L.Fernandez,french_open,2021,2,144,6,2,41/67 (61%),29/41 (71%),13/26 (50%),4/7 (57%),5/14 (36%),40/77 (52%),31,31,82,117 mph,103 mph,80 mph,53,26,3,94,43,7
A.Pavlyuchenkova,A.Tomljanovic,french_open,2021,2,128,3,4,41/62 (66%),31/41 (76%),7/21 (33%),9/13 (69%),5/12 (42%),35/66 (53%),20,25,73,108 mph,98 mph,82 mph,44,19,10,77,31,20
A.Tomljanovic,A.Pavlyuchenkova,french_open,2021,2,128,2,6,36/66 (55%),21/36 (58%),10/30 (33%),3/7 (43%),1/4 (25%),24/62 (39%),11,25,55,111 mph,100 mph,79 mph,33,12,10,77,31,20
A.Sasnovich,A.Sabalenka,french_open,2021,2,137,0,5,37/59 (63%),14/37 (38%),8/22 (36%),8/11 (73%),6/12 (50%),41/78 (53%),15,19,63,105 mph,90 mph,82 mph,43,17,3,93,35,9
A.Sabalenka,A.Sasnovich,french_open,2021,2,137,3,5,48/78 (62%),30/48 (63%),7/30 (23%),9/13 (69%),8/11 (73%),37/59 (63%),27,34,74,119 mph,103 mph,94 mph,50,18,6,93,35,9
T.Zidansek,M.Brengle,french_open,2021,2,117,1,4,47/68 (69%),31/47 (66%),9/21 (43%),8/11 (73%),5/6 (83%),27/49 (55%),28,24,67,103 mph,92 mph,76 mph,36,24,7,65,39,13
M.Brengle,T.Zidansek,french_open,2021,2,117,0,2,41/49 (84%),21/41 (51%),1/8 (13%),3/6 (50%),2/10 (20%),28/68 (41%),11,16,50,82 mph,75 mph,74 mph,29,15,6,65,39,13
K.Siniakova,V.Kudermetova,french_open,2021,2,251,4,10,75/120 (63%),48/75 (64%),23/45 (51%),8/11 (73%),5/13 (38%),54/131 (41%),27,43,125,107 mph,96 mph,88 mph,80,35,10,166,67,18
V.Kudermetova,K.Siniakova,french_open,2021,2,251,4,6,77/131 (59%),50/77 (65%),27/54 (50%),18/28 (64%),5/8 (63%),49/120 (41%),45,67,126,110 mph,101 mph,81 mph,86,32,8,166,67,18
S.Cirstea,M.Trevisan,french_open,2021,2,207,3,1,59/92 (64%),35/59 (59%),15/33 (45%),13/17 (76%),7/13 (54%),57/115 (50%),29,46,107,na,na,na,na,na,na
M.Trevisan,S.Cirstea,french_open,2021,2,207,0,10,75/115 (65%),42/75 (56%),16/40 (40%),13/14 (93%),7/13 (54%),42/92 (46%),26,28,100,na,na,na,na,na,na
D.Kasatkina,B.Bencic,french_open,2021,2,113,8,2,40/53 (75%),32/40 (80%),3/13 (23%),3/4 (75%),4/9 (44%),30/60 (50%),27,14,65,110 mph,92 mph,60 mph,39,21,5,65,35,13
B.Bencic,D.Kasatkina,french_open,2021,2,113,1,4,31/60 (52%),19/31 (61%),11/29 (38%),7/12 (58%),0/0 (0%),18/53 (34%),20,20,48,108 mph,95 mph,81 mph,26,14,8,65,35,13
P.Hercog,C.Garcia,french_open,2021,2,143,2,3,34/69 (49%),21/34 (62%),23/35 (66%),2/5 (40%),4/14 (29%),33/74 (45%),17,26,77,114 mph,107 mph,85 mph,48,22,7,96,38,9
C.Garcia,P.Hercog,french_open,2021,2,143,0,1,51/74 (69%),32/51 (63%),9/23 (39%),6/12 (50%),2/3 (67%),25/69 (36%),9,37,66,110 mph,98 mph,86 mph,48,16,2,96,38,9
H.Tan,M.Vondrousova,french_open,2021,2,92,1,2,25/45 (56%),16/25 (64%),6/20 (30%),6/19 (32%),0/3 (0%),12/47 (26%),12,24,34,104 mph,99 mph,72 mph,17,11,6,45,27,20
M.Vondrousova,H.Tan,french_open,2021,2,92,0,4,30/47 (64%),24/30 (80%),11/17 (65%),10/11 (91%),4/5 (80%),23/45 (51%),17,11,58,108 mph,95 mph,78 mph,28,16,14,45,27,20
P.Badosa,D.Kovinic,french_open,2021,2,76,6,5,24/37 (65%),21/24 (88%),6/13 (46%),2/4 (50%),6/7 (86%),27/39 (69%),16,6,54,118 mph,103 mph,83 mph,38,12,4,50,20,6
D.Kovinic,P.Badosa,french_open,2021,2,76,0,5,17/39 (44%),6/17 (35%),6/22 (27%),2/4 (50%),1/1 (100%),10/37 (27%),9,18,22,116 mph,106 mph,88 mph,12,8,2,50,20,6
A.Bogdan,N.Osaka,french_open,2021,2,,na,na,na,na,na,na,na,na,na,na,na,na,na,na,na,na,na,na,na,na,na
N.Osaka,A.Bogdan,french_open,2021,2,,na,na,na,na,na,na,na,na,na,na,na,na,na,na,na,na,na,na,na,na,na
A.Barty,B.Pera,french_open,2021,1,175,5,1,53/80 (66%),32/53 (60%),17/27 (63%),4/5 (80%),5/12 (42%),42/95 (44%),18,25,91,105 mph,94 mph,85 mph,56,21,14,110,42,23
B.Pera,A.Barty,french_open,2021,1,175,8,5,58/95 (61%),38/58 (66%),15/37 (41%),7/15 (47%),3/8 (38%),31/80 (39%),36,49,84,108 mph,96 mph,82 mph,54,21,9,110,42,23
M.Linette,C.Paquet,french_open,2021,1,119,0,1,29/49 (59%),25/29 (86%),10/20 (50%),7/7 (100%),4/15 (27%),34/70 (49%),17,24,69,103 mph,95 mph,77 mph,27,24,18,56,35,28
C.Paquet,M.Linette,french_open,2021,1,119,1,6,34/70 (49%),23/34 (68%),13/36 (36%),1/1 (100%),1/4 (25%),14/49 (29%),7,29,50,110 mph,104 mph,86 mph,29,11,10,56,35,28
I.Bara,A.Sharma,french_open,2021,1,125,0,2,47/63 (75%),33/47 (70%),8/16 (50%),9/11 (82%),1/2 (50%),17/62 (27%),16,10,58,na,na,na,na,na,na
A.Sharma,I.Bara,french_open,2021,1,125,4,0,37/62 (60%),27/37 (73%),18/25 (72%),11/20 (55%),3/5 (60%),22/63 (35%),36,30,67,na,na,na,na,na,na
Y.Putintseva,O.Jabeur,french_open,2021,1,122,0,3,43/61 (70%),20/43 (47%),5/18 (28%),4/14 (29%),4/4 (100%),28/61 (46%),13,26,53,na,na,na,na,na,na
O.Jabeur,Y.Putintseva,french_open,2021,1,122,3,2,31/61 (51%),19/31 (61%),14/30 (47%),9/13 (69%),7/10 (70%),36/61 (59%),18,19,69,na,na,na,na,na,na
C.Gauff,A.Krunic,french_open,2021,1,201,2,8,65/92 (71%),47/65 (72%),10/27 (37%),19/31 (61%),3/15 (20%),46/109 (42%),19,33,103,119 mph,103 mph,83 mph,52,42,9,108,76,17
A.Krunic,C.Gauff,french_open,2021,1,201,10,4,49/109 (45%),31/49 (63%),32/60 (53%),8/18 (44%),2/7 (29%),35/92 (38%),36,41,98,109 mph,95 mph,75 mph,56,34,8,108,76,17
Q.Wang,SW.Hsieh,french_open,2021,1,214,2,5,68/118 (58%),41/68 (60%),17/50 (34%),7/14 (50%),8/16 (50%),48/96 (50%),34,32,106,na,na,na,na,na,na
SW.Hsieh,Q.Wang,french_open,2021,1,214,2,2,62/96 (65%),29/62 (47%),19/34 (56%),6/11 (55%),8/13 (62%),60/118 (51%),29,29,108,na,na,na,na,na,na
ES.Liang,F.Ferro,french_open,2021,1,146,2,4,38/69 (55%),21/38 (55%),14/31 (45%),5/8 (63%),5/10 (50%),36/77 (47%),26,36,71,106 mph,92 mph,77 mph,35,23,13,68,50,28
F.Ferro,ES.Liang,french_open,2021,1,146,0,3,46/77 (60%),25/46 (54%),16/31 (52%),5/7 (71%),6/9 (67%),34/69 (49%),13,35,75,105 mph,88 mph,76 mph,33,27,15,68,50,28
A.Sevastova,J.Brady,french_open,2021,1,124,1,0,35/55 (64%),19/35 (54%),10/20 (50%),6/7 (86%),1/8 (13%),26/69 (38%),13,21,55,105 mph,96 mph,74 mph,28,20,7,63,47,14
J.Brady,A.Sevastova,french_open,2021,1,124,2,3,41/69 (59%),29/41 (71%),14/28 (50%),10/13 (77%),4/7 (57%),26/55 (47%),21,20,69,113 mph,105 mph,80 mph,35,27,7,63,47,14
Ka.Pliskova,D.Vekic,french_open,2021,1,150,8,7,40/71 (56%),34/40 (85%),14/31 (45%),4/7 (57%),3/9 (33%),34/79 (43%),26,27,82,113 mph,103 mph,86 mph,60,20,2,109,34,7
D.Vekic,Ka.Pliskova,french_open,2021,1,150,2,10,44/79 (56%),30/44 (68%),15/35 (43%),4/10 (40%),1/4 (25%),23/71 (32%),21,33,68,113 mph,105 mph,93 mph,49,14,5,109,34,7
C.Suarez Navarro,S.Stephens,french_open,2021,1,213,2,4,56/101 (55%),35/56 (63%),22/45 (49%),6/7 (86%),6/11 (55%),50/112 (45%),21,32,107,98 mph,88 mph,78 mph,60,31,16,123,57,33
S.Stephens,C.Suarez Navarro,french_open,2021,1,213,4,0,84/112 (75%),49/84 (58%),13/28 (46%),5/8 (63%),6/8 (75%),44/101 (44%),32,54,106,103 mph,89 mph,78 mph,63,26,17,123,57,33
V.Lepchenko,S.Zhang,french_open,2021,1,138,2,1,37/63 (59%),23/37 (62%),17/26 (65%),5/7 (71%),4/12 (33%),36/75 (48%),28,18,76,102 mph,92 mph,75 mph,48,19,9,87,40,11
S.Zhang,V.Lepchenko,french_open,2021,1,138,0,6,46/75 (61%),27/46 (59%),12/29 (41%),3/3 (100%),1/5 (20%),23/63 (37%),18,18,62,100 mph,91 mph,82 mph,39,21,2,87,40,11
A.Petkovic,K.Muchova,french_open,2021,1,176,3,7,53/88 (60%),34/53 (64%),16/35 (46%),10/18 (56%),4/10 (40%),37/88 (42%),21,32,87,104 mph,93 mph,83 mph,53,24,10,95,56,24
K.Muchova,A.Petkovic,french_open,2021,1,176,3,5,55/88 (63%),36/55 (65%),15/33 (45%),18/21 (86%),4/12 (33%),38/88 (43%),41,44,89,108 mph,95 mph,78 mph,42,32,14,95,56,24
E.Alexandrova,V.Williams,french_open,2021,1,80,4,1,24/42 (57%),17/24 (71%),9/18 (50%),3/4 (75%),6/7 (86%),25/38 (66%),18,19,51,110 mph,105 mph,92 mph,40,10,1,63,15,2
V.Williams,E.Alexandrova,french_open,2021,1,80,1,5,22/38 (58%),10/22 (45%),3/16 (19%),1/2 (50%),2/2 (100%),16/42 (38%),6,23,29,106 mph,96 mph,76 mph,23,5,1,63,15,2
B.Krejcikova,Kr.Pliskova,french_open,2021,1,188,2,4,58/92 (63%),42/58 (72%),17/34 (50%),6/10 (60%),5/15 (33%),39/96 (41%),31,34,98,na,na,na,na,na,na
Kr.Pliskova,B.Krejcikova,french_open,2021,1,188,6,4,58/96 (60%),41/58 (71%),16/38 (42%),8/11 (73%),3/9 (33%),33/92 (36%),25,28,90,na,na,na,na,na,na
A.Li,M.Gasparyan,french_open,2021,1,79,4,1,21/38 (55%),13/21 (62%),15/17 (88%),0/1 (0%),5/10 (50%),28/41 (68%),17,10,56,na,na,na,na,na,na
M.Gasparyan,A.Li,french_open,2021,1,79,0,6,22/41 (54%),8/22 (36%),5/19 (26%),1/1 (100%),0/0 (0%),10/38 (26%),5,28,23,na,na,na,na,na,na
O.Babel,E.Svitolina,french_open,2021,1,132,1,3,47/73 (64%),27/47 (57%),10/26 (38%),5/9 (56%),1/4 (25%),17/59 (29%),17,32,54,112 mph,90 mph,73 mph,33,10,11,73,37,22
E.Svitolina,O.Babel,french_open,2021,1,132,0,1,36/59 (61%),24/36 (67%),18/23 (78%),13/23 (57%),4/14 (29%),36/73 (49%),21,28,78,109 mph,100 mph,78 mph,40,27,11,73,37,22
S.Kenin,J.Ostapenko,french_open,2021,1,194,0,6,56/97 (58%),32/56 (57%),18/41 (44%),4/6 (67%),9/10 (90%),53/97 (55%),23,32,103,99 mph,95 mph,88 mph,78,22,3,143,43,8
J.Ostapenko,S.Kenin,french_open,2021,1,194,3,4,53/97 (55%),28/53 (53%),16/44 (36%),14/18 (78%),7/12 (58%),47/97 (48%),32,48,91,101 mph,93 mph,75 mph,65,21,5,143,43,8
H.Baptiste,A.Blinkova,french_open,2021,1,106,5,3,35/55 (64%),26/35 (74%),10/20 (50%),5/6 (83%),4/7 (57%),27/51 (53%),30,17,63,na,na,na,na,na,na
A.Blinkova,H.Baptiste,french_open,2021,1,106,2,7,24/51 (47%),16/24 (67%),8/27 (30%),5/9 (56%),1/1 (100%),19/55 (35%),14,26,43,na,na,na,na,na,na
T.Martincova,I.Jorovic,french_open,2021,1,185,2,1,69/90 (77%),44/69 (64%),9/21 (43%),8/10 (80%),4/14 (29%),47/95 (49%),22,21,100,na,na,na,na,na,na
I.Jorovic,T.Martincova,french_open,2021,1,185,3,4,58/95 (61%),38/58 (66%),10/37 (27%),5/7 (71%),3/6 (50%),37/90 (41%),27,41,85,na,na,na,na,na,na
L.Zhu,J.Pegula,french_open,2021,1,227,3,2,69/106 (65%),39/69 (57%),18/37 (49%),13/17 (76%),5/16 (31%),54/121 (45%),32,40,111,102 mph,92 mph,75 mph,59,29,22,124,63,37
J.Pegula,L.Zhu,french_open,2021,1,227,4,7,65/121 (54%),39/65 (60%),28/56 (50%),15/20 (75%),6/12 (50%),49/106 (46%),35,49,116,108 mph,96 mph,77 mph,65,34,15,124,63,37
M.Sakkari,K.Zavatska,french_open,2021,1,118,3,7,27/55 (49%),23/27 (85%),10/28 (36%),6/11 (55%),5/12 (42%),34/63 (54%),16,32,67,118 mph,103 mph,89 mph,42,17,8,79,29,9
K.Zavatska,M.Sakkari,french_open,2021,1,118,0,1,40/63 (63%),18/40 (45%),11/23 (48%),2/7 (29%),2/5 (40%),22/55 (40%),9,17,51,103 mph,83 mph,68 mph,37,12,1,79,29,9
J.Paolini,S.Voegele,french_open,2021,1,121,0,0,46/66 (70%),32/46 (70%),12/20 (60%),4/7 (57%),4/9 (44%),24/55 (44%),27,26,68,na,na,na,na,na,na
S.Voegele,J.Paolini,french_open,2021,1,121,6,2,32/55 (58%),24/32 (75%),7/23 (30%),3/5 (60%),1/6 (17%),22/66 (33%),19,21,53,na,na,na,na,na,na
H.Watson,Z.Diyas,french_open,2021,1,165,5,5,52/100 (52%),35/52 (67%),17/48 (35%),12/20 (60%),2/3 (67%),23/65 (35%),37,36,75,na,na,na,na,na,na
Z.Diyas,H.Watson,french_open,2021,1,165,1,2,48/65 (74%),35/48 (73%),7/17 (41%),5/10 (50%),4/15 (27%),48/100 (48%),26,15,90,na,na,na,na,na,na
S.Sanders,E.Mertens,french_open,2021,1,121,0,7,41/74 (55%),20/41 (49%),12/33 (36%),3/9 (33%),2/4 (50%),17/47 (36%),12,37,49,105 mph,94 mph,78 mph,27,16,6,71,33,17
E.Mertens,S.Sanders,french_open,2021,1,121,1,5,25/47 (53%),18/25 (72%),12/22 (55%),2/3 (67%),6/14 (43%),42/74 (57%),15,16,72,113 mph,101 mph,83 mph,44,17,11,71,33,17
G.Muguruza,M.Kostyuk,french_open,2021,1,130,1,4,48/72 (67%),25/48 (52%),11/24 (46%),5/9 (56%),1/3 (33%),20/58 (34%),9,40,56,106 mph,93 mph,82 mph,32,13,10,81,29,19
M.Kostyuk,G.Muguruza,french_open,2021,1,130,5,6,31/58 (53%),23/31 (74%),15/27 (56%),1/1 (100%),4/11 (36%),36/72 (50%),16,24,74,113 mph,93 mph,80 mph,49,16,9,81,29,19
S.Zheng,S.Sorribes Tormo,french_open,2021,1,189,1,1,67/89 (75%),40/67 (60%),10/22 (45%),28/47 (60%),6/13 (46%),48/100 (48%),47,55,98,na,na,na,na,na,na
S.Sorribes Tormo,S.Zheng,french_open,2021,1,189,0,6,67/100 (67%),41/67 (61%),11/33 (33%),20/30 (67%),5/9 (56%),39/89 (44%),19,27,91,na,na,na,na,na,na
L.Arruabarrena,V.Gracheva,french_open,2021,1,107,2,1,30/55 (55%),17/30 (57%),10/25 (40%),4/6 (67%),1/4 (25%),15/52 (29%),13,28,42,na,na,na,na,na,na
V.Gracheva,L.Arruabarrena,french_open,2021,1,107,3,1,26/52 (50%),21/26 (81%),16/26 (62%),3/7 (43%),4/7 (57%),28/55 (51%),23,23,65,na,na,na,na,na,na
C.Giorgi,P.Martic,french_open,2021,1,206,6,5,65/102 (64%),42/65 (65%),20/37 (54%),13/16 (81%),6/14 (43%),45/104 (43%),48,53,107,116 mph,100 mph,86 mph,61,34,12,128,58,20
P.Martic,C.Giorgi,french_open,2021,1,206,9,4,68/104 (65%),45/68 (66%),14/36 (39%),8/9 (89%),3/7 (43%),40/102 (39%),19,27,99,111 mph,96 mph,85 mph,67,24,8,128,58,20
A.Kontaveit,V.Golubic,french_open,2021,1,201,6,2,58/103 (56%),41/58 (71%),20/45 (44%),13/16 (81%),8/11 (73%),47/98 (48%),58,44,108,na,na,na,na,na,na
V.Golubic,A.Kontaveit,french_open,2021,1,201,2,5,58/98 (59%),34/58 (59%),17/40 (43%),5/11 (45%),5/7 (71%),42/103 (41%),23,22,93,na,na,na,na,na,na
AK.Schmiedlova,K.Mladenovic,french_open,2021,1,114,1,4,28/60 (47%),12/28 (43%),16/32 (50%),1/7 (14%),1/2 (50%),18/54 (33%),6,25,46,105 mph,98 mph,68 mph,27,11,8,53,33,28
K.Mladenovic,AK.Schmiedlova,french_open,2021,1,114,0,6,29/54 (54%),21/29 (72%),15/25 (60%),3/3 (100%),5/12 (42%),32/60 (53%),26,35,68,104 mph,94 mph,63 mph,26,22,20,53,33,28
R.Peterson,S.Rogers,french_open,2021,1,232,3,6,81/127 (64%),47/81 (58%),21/46 (46%),14/18 (78%),8/12 (67%),47/105 (45%),33,54,115,109 mph,95 mph,86 mph,54,38,23,106,88,38
S.Rogers,R.Peterson,french_open,2021,1,232,0,8,65/105 (62%),39/65 (60%),19/40 (48%),8/14 (57%),6/9 (67%),59/127 (46%),33,38,117,106 mph,96 mph,82 mph,52,50,15,106,88,38
K.Juvan,I.Swiatek,french_open,2021,1,124,2,1,44/67 (66%),26/44 (59%),7/23 (30%),8/12 (67%),1/4 (25%),20/57 (35%),18,28,53,109 mph,96 mph,75 mph,29,19,5,59,45,20
I.Swiatek,K.Juvan,french_open,2021,1,124,0,3,34/57 (60%),22/34 (65%),15/23 (65%),11/18 (61%),5/13 (38%),34/67 (51%),22,24,71,111 mph,100 mph,78 mph,30,26,15,59,45,20
S.Williams,I.Begu,french_open,2021,1,142,5,2,39/77 (51%),23/39 (59%),19/38 (50%),15/19 (79%),5/8 (63%),32/65 (49%),27,30,74,116 mph,103 mph,82 mph,44,20,10,86,39,17
I.Begu,S.Williams,french_open,2021,1,142,2,3,43/65 (66%),25/43 (58%),8/22 (36%),2/5 (40%),3/5 (60%),35/77 (45%),18,17,68,106 mph,99 mph,87 mph,42,19,7,86,39,17
A.Rus,M.Buzarnescu,french_open,2021,1,147,0,3,61/80 (76%),32/61 (52%),7/19 (37%),4/5 (80%),5/9 (56%),32/67 (48%),9,23,71,na,na,na,na,na,na
M.Buzarnescu,A.Rus,french_open,2021,1,147,0,5,44/67 (66%),26/44 (59%),9/23 (39%),8/10 (80%),7/12 (58%),41/80 (51%),20,24,76,na,na,na,na,na,na
D.Collins,X.Wang,french_open,2021,1,179,3,6,40/84 (48%),33/40 (83%),27/44 (61%),2/4 (50%),3/12 (25%),37/95 (39%),29,32,97,na,na,na,na,na,na
X.Wang,D.Collins,french_open,2021,1,179,3,5,66/95 (69%),44/66 (67%),14/29 (48%),4/9 (44%),1/5 (20%),24/84 (29%),29,49,82,na,na,na,na,na,na
A.Kalinina,A.Kerber,french_open,2021,1,128,2,3,49/68 (72%),29/49 (59%),8/19 (42%),9/11 (82%),6/10 (60%),33/60 (55%),21,32,70,101 mph,91 mph,79 mph,28,22,19,59,35,33
A.Kerber,A.Kalinina,french_open,2021,1,128,0,4,37/60 (62%),15/37 (41%),12/23 (52%),8/11 (73%),3/8 (38%),31/68 (46%),18,27,58,99 mph,89 mph,73 mph,31,13,14,59,35,33
E.Rybakina,E.Jacquemot,french_open,2021,1,105,3,3,27/54 (50%),22/27 (81%),12/27 (44%),19/27 (70%),5/10 (50%),28/51 (55%),30,19,62,118 mph,89 mph,82 mph,32,17,11,56,29,17
E.Jacquemot,E.Rybakina,french_open,2021,1,105,2,6,29/51 (57%),13/29 (45%),10/22 (45%),2/7 (29%),2/2 (100%),20/54 (37%),11,17,43,110 mph,99 mph,73 mph,24,12,6,56,29,17
N.Hibino,N.Stojanovic,french_open,2021,1,158,6,2,50/70 (71%),33/50 (66%),11/20 (55%),3/3 (100%),4/10 (40%),42/88 (48%),19,18,86,102 mph,91 mph,78 mph,56,24,6,99,48,11
N.Stojanovic,N.Hibino,french_open,2021,1,158,6,9,48/88 (55%),29/48 (60%),17/40 (43%),10/16 (63%),2/5 (40%),26/70 (37%),39,45,72,111 mph,96 mph,83 mph,43,24,5,99,48,11
E.Vesnina,O.Govortsova,french_open,2021,1,87,6,1,20/34 (59%),17/20 (85%),8/14 (57%),5/6 (83%),6/9 (67%),32/53 (60%),32,10,57,na,na,na,na,na,na
O.Govortsova,E.Vesnina,french_open,2021,1,87,0,3,34/53 (64%),15/34 (44%),6/19 (32%),0/3 (0%),0/1 (0%),9/34 (26%),6,11,30,na,na,na,na,na,na
G.Minnen,P.Kvitova,french_open,2021,1,209,4,7,62/108 (57%),41/62 (66%),22/46 (48%),6/8 (75%),3/4 (75%),32/101 (32%),17,27,95,106 mph,98 mph,80 mph,64,26,5,147,49,13
P.Kvitova,G.Minnen,french_open,2021,1,209,4,11,64/101 (63%),51/64 (80%),18/37 (49%),15/20 (75%),5/9 (56%),45/108 (42%),43,44,114,103 mph,96 mph,88 mph,83,23,8,147,49,13
V.Azarenka,S.Kuznetsova,french_open,2021,1,172,0,9,59/85 (69%),33/59 (56%),9/26 (35%),6/12 (50%),7/16 (44%),46/87 (53%),19,34,88,107 mph,91 mph,80 mph,36,37,15,77,67,28
S.Kuznetsova,V.Azarenka,french_open,2021,1,172,0,5,60/87 (69%),31/60 (52%),10/27 (37%),7/15 (47%),7/9 (78%),43/85 (51%),26,41,84,107 mph,88 mph,82 mph,41,30,13,77,67,28
C.Tauson,E.Gorgodze,french_open,2021,1,121,9,3,34/57 (60%),26/34 (76%),12/23 (52%),5/7 (71%),4/11 (36%),32/64 (50%),34,17,70,108 mph,101 mph,80 mph,42,20,8,74,33,13
E.Gorgodze,C.Tauson,french_open,2021,1,121,3,2,40/64 (63%),22/40 (55%),10/24 (42%),1/1 (100%),1/3 (33%),19/57 (33%),18,16,51,102 mph,92 mph,78 mph,32,13,5,74,33,13
L.Fernandez,A.Potapova,french_open,2021,1,100,0,1,26/38 (68%),20/26 (77%),8/12 (67%),12/12 (100%),5/9 (56%),35/62 (56%),17,6,63,na,na,na,na,na,na
A.Potapova,L.Fernandez,french_open,2021,1,100,3,5,32/62 (52%),19/32 (59%),8/30 (27%),2/6 (33%),0/0 (0%),10/38 (26%),16,20,37,na,na,na,na,na,na
O.Dodin,M.Keys,french_open,2021,1,157,7,8,38/87 (44%),27/38 (71%),15/49 (31%),6/10 (60%),4/7 (57%),27/70 (39%),19,38,69,118 mph,110 mph,89 mph,47,18,4,104,46,7
M.Keys,O.Dodin,french_open,2021,1,157,5,1,46/70 (66%),30/46 (65%),13/24 (54%),4/8 (50%),6/13 (46%),45/87 (52%),25,19,88,113 mph,98 mph,79 mph,57,28,3,104,46,7
A.Pavlyuchenkova,C.Mchale,french_open,2021,1,109,6,4,41/60 (68%),29/41 (71%),9/19 (47%),8/12 (67%),5/6 (83%),28/49 (57%),24,22,66,na,na,na,na,na,na
C.Mchale,A.Pavlyuchenkova,french_open,2021,1,109,0,2,30/49 (61%),14/30 (47%),7/19 (37%),6/12 (50%),1/5 (20%),22/60 (37%),15,26,43,na,na,na,na,na,na
K.Kozlova,A.Tomljanovic,french_open,2021,1,133,0,2,44/62 (71%),20/44 (45%),8/18 (44%),7/10 (70%),3/11 (27%),30/71 (42%),16,27,58,105 mph,91 mph,72 mph,30,14,14,58,38,36
A.Tomljanovic,K.Kozlova,french_open,2021,1,133,1,6,33/71 (46%),23/33 (70%),18/38 (47%),4/9 (44%),6/9 (67%),34/62 (55%),17,20,75,109 mph,97 mph,76 mph,28,24,22,58,38,36
D.Parry,A.Sasnovich,french_open,2021,1,178,1,3,60/92 (65%),38/60 (63%),16/32 (50%),6/10 (60%),3/6 (50%),31/86 (36%),15,38,85,105 mph,95 mph,86 mph,52,26,7,109,53,16
A.Sasnovich,D.Parry,french_open,2021,1,178,1,3,51/86 (59%),35/51 (69%),20/35 (57%),7/9 (78%),4/9 (44%),38/92 (41%),29,36,93,105 mph,92 mph,80 mph,57,27,9,109,53,16
A.Konjuh,A.Sabalenka,french_open,2021,1,126,2,7,45/69 (65%),25/45 (56%),7/24 (29%),4/6 (67%),4/5 (80%),27/57 (47%),12,25,59,114 mph,94 mph,79 mph,45,11,3,94,28,4
A.Sabalenka,A.Konjuh,french_open,2021,1,126,7,7,33/57 (58%),22/33 (67%),8/24 (33%),6/11 (55%),6/15 (40%),37/69 (54%),24,31,67,114 mph,101 mph,94 mph,49,17,1,94,28,4
B.Andreescu,T.Zidansek,french_open,2021,1,271,4,8,91/141 (65%),58/91 (64%),19/50 (38%),12/18 (67%),6/13 (46%),52/130 (40%),40,63,129,107 mph,96 mph,85 mph,85,34,9,166,81,23
T.Zidansek,B.Andreescu,french_open,2021,1,271,2,4,81/130 (62%),54/81 (67%),24/49 (49%),15/18 (83%),7/17 (41%),64/141 (45%),41,46,142,105 mph,93 mph,77 mph,81,47,14,166,81,23
M.Brengle,MC.Osorio Serrano,french_open,2021,1,138,0,5,50/70 (71%),26/50 (52%),7/20 (35%),11/14 (79%),8/14 (57%),41/68 (60%),9,13,74,na,na,na,na,na,na
MC.Osorio Serrano,M.Brengle,french_open,2021,1,138,0,10,44/68 (65%),22/44 (50%),5/24 (21%),12/16 (75%),6/8 (75%),37/70 (53%),34,27,64,na,na,na,na,na,na
M.Bouzkova,K.Siniakova,french_open,2021,1,199,0,8,72/115 (63%),39/72 (54%),18/43 (42%),7/10 (70%),3/6 (50%),34/84 (40%),23,47,91,100 mph,91 mph,82 mph,51,29,11,109,65,23
K.Siniakova,M.Bouzkova,french_open,2021,1,199,1,9,51/84 (61%),33/51 (65%),17/33 (52%),11/21 (52%),7/20 (35%),58/115 (50%),31,46,108,106 mph,94 mph,78 mph,58,36,12,109,65,23
A.Anisimova,V.Kudermetova,french_open,2021,1,133,2,4,45/67 (67%),26/45 (58%),9/22 (41%),2/6 (33%),2/3 (67%),24/66 (36%),15,17,59,na,na,na,na,na,na
V.Kudermetova,A.Anisimova,french_open,2021,1,133,6,4,41/66 (62%),34/41 (83%),8/25 (32%),7/9 (78%),4/9 (44%),32/67 (48%),26,16,74,na,na,na,na,na,na
J.Konta,S.Cirstea,french_open,2021,1,127,2,4,34/64 (53%),20/34 (59%),15/30 (50%),4/6 (67%),2/4 (50%),21/63 (33%),21,30,56,107 mph,96 mph,85 mph,42,11,2,96,25,5
S.Cirstea,J.Konta,french_open,2021,1,127,0,2,39/63 (62%),28/39 (72%),14/24 (58%),4/11 (36%),4/8 (50%),29/64 (45%),20,16,71,101 mph,89 mph,80 mph,54,14,3,96,25,5
A.Van Uytvanck,M.Trevisan,french_open,2021,1,233,6,3,80/135 (59%),44/80 (55%),28/55 (51%),14/26 (54%),5/14 (36%),41/98 (42%),35,44,113,na,na,na,na,na,na
M.Trevisan,A.Van Uytvanck,french_open,2021,1,233,0,5,68/98 (69%),45/68 (66%),12/30 (40%),12/27 (44%),6/19 (32%),63/135 (47%),26,41,120,na,na,na,na,na,na
D.Kasatkina,M.Doi,french_open,2021,1,213,2,5,61/104 (59%),35/61 (57%),19/43 (44%),2/4 (50%),8/12 (67%),55/109 (50%),32,41,109,na,na,na,na,na,na
M.Doi,D.Kasatkina,french_open,2021,1,213,1,8,67/109 (61%),39/67 (58%),15/42 (36%),13/20 (65%),6/14 (43%),50/104 (48%),30,55,104,na,na,na,na,na,na
N.Podoroska,B.Bencic,french_open,2021,1,87,1,0,21/40 (53%),6/21 (29%),8/19 (42%),3/4 (75%),1/5 (20%),15/47 (32%),4,26,29,103 mph,92 mph,76 mph,13,14,2,40,36,11
B.Bencic,N.Podoroska,french_open,2021,1,87,0,3,26/47 (55%),19/26 (73%),13/21 (62%),6/9 (67%),5/9 (56%),26/40 (65%),22,18,58,108 mph,100 mph,83 mph,27,22,9,40,36,11
K.Bertens,P.Hercog,french_open,2021,1,167,0,6,56/84 (67%),26/56 (46%),13/28 (46%),11/19 (58%),6/10 (60%),40/83 (48%),20,30,79,101 mph,92 mph,76 mph,48,13,18,99,41,27
P.Hercog,K.Bertens,french_open,2021,1,167,2,6,33/83 (40%),20/33 (61%),23/50 (46%),10/13 (77%),8/16 (50%),45/84 (54%),29,31,88,115 mph,107 mph,83 mph,51,28,9,99,41,27
L.Siegemund,C.Garcia,french_open,2021,1,95,1,6,35/54 (65%),18/35 (51%),11/19 (58%),3/7 (43%),0/1 (0%),8/41 (20%),9,32,37,97 mph,91 mph,82 mph,18,16,3,52,32,11
C.Garcia,L.Siegemund,french_open,2021,1,95,1,2,20/41 (49%),18/20 (90%),15/21 (71%),4/8 (50%),4/7 (57%),25/54 (46%),14,16,58,108 mph,99 mph,84 mph,34,16,8,52,32,11
A.Cornet,H.Tan,french_open,2021,1,124,0,3,36/52 (69%),15/36 (42%),7/16 (44%),15/21 (71%),5/6 (83%),36/72 (50%),16,31,58,101 mph,90 mph,77 mph,24,21,13,57,34,31
H.Tan,A.Cornet,french_open,2021,1,124,1,4,40/72 (56%),25/40 (63%),11/32 (34%),4/10 (40%),7/9 (78%),30/52 (58%),11,26,66,105 mph,93 mph,67 mph,33,13,18,57,34,31
K.Kanepi,M.Vondrousova,french_open,2021,1,141,2,8,41/71 (58%),25/41 (61%),10/30 (33%),9/26 (35%),3/6 (50%),27/70 (39%),21,36,62,na,na,na,na,na,na
M.Vondrousova,K.Kanepi,french_open,2021,1,141,0,4,49/70 (70%),30/49 (61%),13/21 (62%),7/8 (88%),7/13 (54%),36/71 (51%),18,14,79,na,na,na,na,na,na
P.Badosa,L.Davis,french_open,2021,1,138,2,8,45/74 (61%),30/45 (67%),14/29 (48%),5/9 (56%),4/8 (50%),32/64 (50%),27,26,76,115 mph,97 mph,84 mph,44,15,16,74,33,29
L.Davis,P.Badosa,french_open,2021,1,138,4,5,35/64 (55%),22/35 (63%),10/29 (34%),7/11 (64%),2/9 (22%),30/74 (41%),18,32,62,101 mph,86 mph,73 mph,30,18,13,74,33,29
C.Burel,D.Kovinic,french_open,2021,1,182,0,5,47/87 (54%),27/47 (57%),13/40 (33%),10/20 (50%),5/14 (36%),47/95 (49%),32,46,87,100 mph,23 mph,15 mph,15,7,1,27,13,8
D.Kovinic,C.Burel,french_open,2021,1,182,2,7,56/95 (59%),31/56 (55%),17/39 (44%),18/22 (82%),6/16 (38%),47/87 (54%),32,34,95,111 mph,17 mph,9 mph,12,6,7,27,13,8
E.Cocciaretto,A.Bogdan,french_open,2021,1,104,0,1,31/49 (63%),17/31 (55%),9/18 (50%),1/1 (100%),0/4 (0%),18/55 (33%),17,21,44,na,na,na,na,na,na
A.Bogdan,E.Cocciaretto,french_open,2021,1,104,1,1,37/55 (67%),29/37 (78%),8/18 (44%),4/5 (80%),4/5 (80%),23/49 (47%),19,17,60,na,na,na,na,na,na
PM.Tig,N.Osaka,french_open,2021,1,157,4,5,47/93 (51%),31/47 (66%),22/46 (48%),3/4 (75%),1/2 (50%),18/64 (28%),19,23,71,105 mph,64 mph,62 mph,46,15,7,98,34,13
N.Osaka,PM.Tig,french_open,2021,1,157,1,3,35/64 (55%),31/35 (89%),15/29 (52%),13/16 (81%),2/10 (20%),40/93 (43%),39,35,86,116 mph,84 mph,63 mph,52,19,6,98,34,13
