player,opponent,tournament,year,round,total_points_played,aces,double_faults,first_srv_pct_in,win_pct_first_srv,win_pct_second_srv,net_points_won,break_points_won,rec_pts_won,winners,unforced_errors,total_points_won,distance_per_pt,avg_1st_serve,avg_2nd_serve,avg_serve_overall,fastest_1st_serve,fastest_2nd_serve,return_winners,approach_winners,approach_forced_errors,approach_unforced_errors,drop_shot_winners,drop_shot forced_errors,drop_shot unforced_errors,ground_stroke_winners,ground_stroke_forced_errors,ground_stroke_unforced_errors,lob_winners,lob_forced_errors,lob_unforced_errors,overhead_winners,overhead_forced_errors,overhead_unforced_errors,passing_winners,passing_forced_errors,passing_unforced_errors,volley_winners,volley_forced_errors,volley_unforced_errors
A. BARTY,C. SUAREZ NAVARRO,wimbledon,2021,1,159,13,3,56/84 (67%),49/56 (88%),11/28 (39%),15/20 (75%),5/5 (100%),33/75 (44%),38,36,93,27.5 m90.2 ft,13,0,13,0,0,0,1,0,0,0,0,2,13,11,27,0,2,0,3,0,1,3,2,1,5,1,2
C. SUAREZ NAVARRO,A. BARTY,wimbledon,2021,1,159,0,0,48/75 (64%),23/48 (48%),19/27 (70%),7/11 (64%),1/4 (25%),24/84 (29%),12,20,66,27.5 m90.1 ft,0,0,0,0,0,3,0,0,0,0,0,0,11,15,18,0,0,0,0,0,0,0,3,1,1,0,1
A. BLINKOVA,T. BABOS,wimbledon,2021,1,104,1,8,31/58 (53%),24/31 (77%),15/27 (56%),8/10 (80%),4/7 (57%),24/46 (52%),21,19,63,17.4 m57.1 ft,1,0,1,1,0,3,2,0,1,2,0,1,10,1,6,1,0,0,1,0,0,1,0,2,2,0,1
T. BABOS,A. BLINKOVA,wimbledon,2021,1,104,2,4,21/46 (46%),16/21 (76%),6/25 (24%),9/13 (69%),0/5 (0%),19/58 (33%),10,21,41,18.7 m61.5 ft,2,0,2,0,0,1,0,0,0,0,0,1,5,4,16,0,0,0,0,1,0,0,0,0,3,0,0
O. GOVORTSOVA,C. VANDEWEGHE,wimbledon,2021,1,103,0,3,37/52 (71%),21/37 (57%),6/15 (40%),2/4 (50%),1/1 (100%),17/51 (33%),10,14,44,23.1 m75.9 ft,0,0,0,0,0,1,0,0,1,1,0,0,7,8,10,1,0,0,0,0,0,0,0,0,1,0,0
C. VANDEWEGHE,O. GOVORTSOVA,wimbledon,2021,1,103,5,4,26/51 (51%),20/26 (77%),14/25 (56%),9/11 (82%),4/4 (100%),25/52 (48%),26,16,59,22.2 m73.0 ft,5,0,5,0,0,3,2,0,0,0,0,0,13,6,11,0,0,0,1,0,1,1,1,0,4,1,0
K. SINIAKOVA,Y. WANG,wimbledon,2021,1,87,4,5,24/50 (48%),19/24 (79%),14/26 (54%),8/13 (62%),5/7 (71%),24/37 (65%),24,17,57,23.8 m78.0 ft,4,0,4,1,0,0,2,0,0,1,0,0,13,3,12,0,0,0,1,0,0,0,1,0,2,1,0
Y. WANG,K. SINIAKOVA,wimbledon,2021,1,87,0,4,17/37 (46%),7/17 (41%),6/20 (30%),3/7 (43%),0/1 (0%),17/50 (34%),6,20,30,27.0 m88.7 ft,0,0,0,0,0,0,0,1,1,0,1,1,2,8,12,0,0,1,1,0,0,3,0,1,0,0,0
K. BERTENS,M. KOSTYUK,wimbledon,2021,1,146,0,5,49/72 (68%),28/49 (57%),14/23 (61%),15/26 (58%),0/6 (0%),24/74 (32%),19,38,66,23.4 m76.8 ft,0,0,0,1,1,0,2,0,3,2,0,3,6,2,23,0,0,0,1,0,1,2,8,1,4,1,2
M. KOSTYUK,K. BERTENS,wimbledon,2021,1,146,4,5,45/74 (61%),36/45 (80%),14/29 (48%),19/26 (73%),2/6 (33%),30/72 (42%),18,18,80,24.3 m79.8 ft,4,0,4,1,0,0,3,0,0,2,0,0,2,7,12,0,0,0,1,0,0,3,6,1,2,3,0
A. SEVASTOVA,Z. DIYAS,wimbledon,2021,1,115,3,1,30/53 (57%),22/30 (73%),12/23 (52%),5/7 (71%),5/11 (45%),31/62 (50%),21,14,65,26.6 m87.4 ft,3,0,3,0,0,1,0,1,0,4,1,1,6,10,12,0,0,0,2,0,0,3,4,0,3,0,0
Z. DIYAS,A. SEVASTOVA,wimbledon,2021,1,115,0,3,44/62 (71%),23/44 (52%),8/18 (44%),11/18 (61%),1/5 (20%),19/53 (36%),14,22,50,25.8 m84.5 ft,0,0,0,0,0,2,2,0,2,1,0,0,6,10,15,1,0,0,1,0,0,0,0,0,3,0,2
A. PETKOVIC,J. PAOLINI,wimbledon,2021,1,110,6,1,35/50 (70%),23/35 (66%),8/15 (53%),5/7 (71%),6/10 (60%),32/60 (53%),18,16,63,20.8 m68.2 ft,6,0,6,0,0,3,5,0,1,1,0,0,5,7,14,0,2,0,0,0,0,1,0,0,0,1,0
J. PAOLINI,A. PETKOVIC,wimbledon,2021,1,110,0,1,43/60 (72%),22/43 (51%),6/17 (35%),10/15 (67%),3/7 (43%),19/50 (38%),13,24,47,20.9 m68.6 ft,0,0,0,0,0,0,4,0,2,2,1,0,4,9,21,0,0,0,0,0,0,0,0,0,3,1,0
C. TAUSON,B. KREJCIKOVA,wimbledon,2021,1,110,4,5,32/51 (63%),23/32 (72%),4/19 (21%),7/11 (64%),0/5 (0%),19/59 (32%),19,26,46,21.1 m69.2 ft,3,0,3,2,0,0,2,0,2,1,0,0,4,8,18,1,0,0,0,0,0,1,0,1,4,2,0
B. KREJCIKOVA,C. TAUSON,wimbledon,2021,1,110,3,6,33/59 (56%),24/33 (73%),16/26 (62%),7/11 (64%),3/5 (60%),24/51 (47%),20,13,64,20.9 m68.5 ft,2,0,2,0,0,2,2,0,0,0,0,0,13,4,7,0,0,0,1,0,0,0,0,0,1,1,0
V. AZARENKA,K. KOZLOVA,wimbledon,2021,1,94,4,2,23/42 (55%),17/23 (74%),9/19 (47%),8/15 (53%),6/14 (43%),31/52 (60%),20,12,57,25.1 m82.4 ft,4,0,4,2,0,5,3,0,1,2,0,0,8,1,9,0,0,0,0,0,0,1,0,0,0,1,0
K. KOZLOVA,V. AZARENKA,wimbledon,2021,1,94,1,3,31/52 (60%),16/31 (52%),5/21 (24%),2/4 (50%),2/2 (100%),16/42 (38%),13,21,37,26.1 m85.5 ft,1,0,1,0,0,0,0,0,0,3,0,1,5,7,16,1,2,0,0,0,1,3,3,0,0,0,0
S. CIRSTEA,S. MURRAY SHARAN,wimbledon,2021,1,125,1,3,28/52 (54%),22/28 (79%),13/24 (54%),7/9 (78%),4/11 (36%),36/73 (49%),23,20,71,22.6 m74.0 ft,1,0,1,1,0,5,2,0,1,1,0,1,14,7,14,0,0,0,0,0,0,2,2,1,2,1,0
S. MURRAY SHARAN,S. CIRSTEA,wimbledon,2021,1,125,2,7,39/73 (53%),24/39 (62%),13/34 (38%),7/13 (54%),1/4 (25%),17/52 (33%),15,22,54,22.9 m75.3 ft,2,0,2,0,0,0,3,0,1,0,0,0,9,13,14,0,0,0,0,0,0,0,1,0,1,3,0
E. RADUCANU,V. DIATCHENKO,wimbledon,2021,1,169,6,6,47/84 (56%),34/47 (72%),15/37 (41%),6/7 (86%),6/17 (35%),46/85 (54%),21,20,95,25.7 m84.5 ft,5,1,6,2,0,2,3,0,0,2,0,0,7,20,14,0,0,0,1,0,0,0,0,0,0,0,0
V. DIATCHENKO,E. RADUCANU,wimbledon,2021,1,169,0,6,57/85 (67%),29/57 (51%),10/28 (36%),6/11 (55%),3/12 (25%),35/84 (42%),25,50,74,24.3 m79.8 ft,0,0,0,0,0,3,2,0,2,1,0,5,18,8,36,0,0,0,0,0,0,0,0,0,4,1,1
M. VONDROUSOVA,A. KONTAVEIT,wimbledon,2021,1,161,8,6,52/84 (62%),33/52 (63%),15/32 (47%),6/10 (60%),5/10 (50%),32/77 (42%),22,16,80,23.5 m77.2 ft,7,1,8,1,0,0,1,0,0,4,1,2,6,15,7,0,1,0,0,0,0,0,2,0,2,0,1
A. KONTAVEIT,M. VONDROUSOVA,wimbledon,2021,1,161,3,3,48/77 (62%),32/48 (67%),13/29 (45%),8/15 (53%),4/10 (40%),36/84 (43%),29,26,81,22.0 m72.2 ft,3,0,3,0,0,4,2,0,0,0,0,2,21,12,19,0,0,0,1,0,0,1,2,0,1,1,2
D. KASATKINA,P. TIG,wimbledon,2021,1,153,1,4,52/81 (64%),38/52 (73%),14/29 (48%),6/15 (40%),4/8 (50%),30/72 (42%),20,23,82,25.6 m84.1 ft,1,0,1,0,0,1,3,1,2,1,0,1,12,11,16,2,1,0,0,0,0,1,1,0,0,0,0
P. TIG,D. KASATKINA,wimbledon,2021,1,153,0,5,41/72 (57%),28/41 (68%),14/31 (45%),15/19 (79%),1/6 (17%),29/81 (36%),26,35,71,24.3 m79.6 ft,0,0,0,0,0,2,4,0,0,0,0,3,13,10,26,0,0,0,2,0,0,3,1,0,4,0,1
L. FERNANDEZ,J. OSTAPENKO,wimbledon,2021,1,95,2,4,32/51 (63%),13/32 (41%),7/19 (37%),2/2 (100%),1/2 (50%),16/44 (36%),8,8,36,22.7 m74.3 ft,2,0,2,0,0,1,0,0,0,1,0,0,4,28,4,0,0,0,0,0,0,0,0,0,1,0,0
J. OSTAPENKO,L. FERNANDEZ,wimbledon,2021,1,95,0,6,23/44 (52%),17/23 (74%),11/21 (52%),3/3 (100%),6/9 (67%),31/51 (61%),12,9,59,22.3 m73.1 ft,0,0,0,0,0,1,0,0,0,0,0,1,12,11,2,0,0,0,0,0,0,0,0,0,0,0,0
G. MINNEN,A. TOMLJANOVIC,wimbledon,2021,1,169,5,4,48/78 (62%),35/48 (73%),7/30 (23%),14/21 (67%),2/8 (25%),35/91 (38%),26,29,77,24.5 m80.5 ft,5,0,5,0,0,1,8,0,5,0,0,2,9,24,18,0,0,0,2,0,0,0,3,0,2,0,0
A. TOMLJANOVIC,G. MINNEN,wimbledon,2021,1,169,3,3,54/91 (59%),35/54 (65%),21/37 (57%),7/7 (100%),4/8 (50%),36/78 (46%),21,16,92,26.1 m85.5 ft,3,0,3,2,0,1,2,0,0,0,1,0,12,22,13,0,1,0,0,0,0,1,0,0,1,0,0
A. CORNET,B. ANDREESCU,wimbledon,2021,1,113,0,0,32/50 (64%),20/32 (63%),13/18 (72%),8/12 (67%),5/10 (50%),33/63 (52%),11,7,66,26.6 m87.2 ft,0,0,0,0,0,1,0,0,1,0,0,1,5,12,4,1,0,1,0,0,0,2,2,0,3,1,0
B. ANDREESCU,A. CORNET,wimbledon,2021,1,113,1,2,46/63 (73%),26/46 (57%),4/17 (24%),10/20 (50%),0/6 (0%),17/50 (34%),17,34,47,25.2 m82.6 ft,1,0,1,0,0,1,0,0,2,2,0,1,9,9,25,0,1,0,1,0,1,0,0,1,4,2,2
E. SVITOLINA,A. VAN UYTVANCK,wimbledon,2021,1,166,5,4,42/74 (57%),31/42 (74%),11/32 (34%),8/13 (62%),6/11 (55%),43/92 (47%),34,27,85,24.6 m80.8 ft,5,0,5,1,0,4,0,0,0,2,0,1,15,11,21,1,0,0,3,0,0,6,2,1,1,1,0
A. VAN UYTVANCK,E. SVITOLINA,wimbledon,2021,1,166,3,3,50/92 (54%),31/50 (62%),18/42 (43%),13/28 (46%),5/10 (50%),32/74 (43%),33,27,81,23.6 m77.4 ft,3,0,3,1,0,2,0,0,0,8,0,3,13,9,17,0,0,0,3,0,1,1,2,1,4,2,2
M. LINETTE,A. ANISIMOVA,wimbledon,2021,1,179,7,5,55/91 (60%),30/55 (55%),20/36 (56%),13/16 (81%),7/15 (47%),45/88 (51%),36,22,95,25.3 m82.8 ft,7,0,7,0,0,1,6,0,0,2,0,0,16,16,15,0,0,0,2,0,0,0,1,0,3,0,2
A. ANISIMOVA,M. LINETTE,wimbledon,2021,1,179,0,2,69/88 (78%),34/69 (49%),9/19 (47%),5/6 (83%),5/14 (36%),41/91 (45%),30,34,84,24.0 m78.9 ft,0,0,0,1,0,5,2,0,1,1,0,2,25,10,28,0,1,0,0,0,0,1,1,0,0,0,1
T. Pironkova,Y. Putintseva,wimbledon,2021,1,98,1,0,25/54 (46%),13/25 (52%),12/29 (41%),6/17 (35%),1/3 (33%),12/44 (27%),11,22,37,26.9 m,1,0,1,0,0,0,3,0,2,1,0,1,5,4,19,0,0,0,0,0,0,0,1,0,1,0,0
Y. Putintseva,T. Pironkova,wimbledon,2021,1,98,3,1,33/44 (75%),27/33 (82%),5/11 (45%),6/8 (75%),5/12 (42%),29/54 (54%),20,9,61,28.1 m,3,0,3,0,0,4,2,0,1,3,0,2,5,8,5,0,0,0,0,0,0,7,2,0,0,0,0
A. BOLSOVA,P. BADOSA,wimbledon,2021,1,175,2,7,47/87 (54%),27/47 (57%),22/40 (55%),15/21 (71%),2/8 (25%),32/88 (36%),37,38,81,24.2 m79.5 ft,2,0,2,1,1,4,3,0,1,3,0,1,18,10,28,0,0,0,1,0,0,2,3,0,6,2,1
P. BADOSA,A. BOLSOVA,wimbledon,2021,1,175,10,5,66/88 (75%),46/66 (70%),10/22 (45%),10/15 (67%),5/10 (50%),38/87 (44%),28,22,94,25.1 m82.2 ft,10,0,10,1,0,0,2,0,2,1,0,0,9,7,14,2,2,0,0,0,0,0,1,1,3,1,0
K. MUCHOVA,S. ZHANG,wimbledon,2021,1,111,6,1,44/54 (81%),35/44 (80%),4/10 (40%),9/16 (56%),4/7 (57%),26/57 (46%),26,15,65,22.5 m73.9 ft,6,0,6,2,0,3,3,0,1,3,0,2,8,8,10,0,1,0,1,0,0,0,3,0,3,1,1
S. ZHANG,K. MUCHOVA,wimbledon,2021,1,111,1,2,37/57 (65%),20/37 (54%),11/20 (55%),8/9 (89%),1/2 (50%),15/54 (28%),8,20,46,22.4 m73.6 ft,1,0,1,0,0,1,0,0,1,0,0,0,1,9,17,0,0,0,1,0,0,3,1,0,2,0,0
J. TEICHMANN,C. GIORGI,wimbledon,2021,1,95,2,6,28/51 (55%),19/28 (68%),5/23 (22%),7/13 (54%),0/3 (0%),11/44 (25%),10,20,35,23.6 m77.5 ft,2,0,2,0,0,1,0,0,1,1,0,0,4,7,11,0,0,0,0,0,0,1,1,0,2,2,2
C. GIORGI,J. TEICHMANN,wimbledon,2021,1,95,2,4,22/44 (50%),17/22 (77%),16/22 (73%),7/10 (70%),4/5 (80%),27/51 (53%),21,11,60,22.7 m74.3 ft,2,0,2,1,1,5,3,0,0,0,0,0,10,4,6,0,0,0,0,0,0,1,2,1,3,0,0
Kr. Pliskova,A. Sharma,wimbledon,2021,1,165,5,3,47/87 (54%),37/47 (79%),17/40 (43%),9/18 (50%),4/5 (80%),29/78 (37%),26,14,83,23.1 m,5,0,5,0,0,4,2,0,0,1,0,0,14,20,9,0,0,0,2,0,0,0,3,0,2,3,2
A. Sharma,Kr. Pliskova,wimbledon,2021,1,165,4,3,49/78 (63%),32/49 (65%),17/29 (59%),10/11 (91%),3/6 (50%),33/87 (38%),24,15,82,23.2 m,4,0,4,1,0,0,0,0,0,3,0,2,10,23,8,0,0,0,3,0,1,2,1,0,1,0,1
A. BOGDAN,A. PAVLYUCHENKOVA,wimbledon,2021,1,89,0,2,27/44 (61%),15/27 (56%),8/17 (47%),3/9 (33%),0/0 (0%),13/45 (29%),12,16,36,23.1 m75.6 ft,0,0,0,0,0,1,1,1,3,2,1,0,8,9,10,0,1,0,0,0,0,1,1,1,0,0,0
A. PAVLYUCHENKOVA,A. BOGDAN,wimbledon,2021,1,89,5,2,30/45 (67%),25/30 (83%),7/15 (47%),5/7 (71%),4/9 (44%),21/44 (48%),15,8,53,22.1 m72.5 ft,5,0,5,0,0,1,2,0,0,0,0,1,7,7,5,1,0,0,0,0,0,0,0,0,0,1,0
B. BENCIC,K. JUVAN,wimbledon,2021,1,129,2,6,36/67 (54%),22/36 (61%),11/31 (35%),13/21 (62%),2/7 (29%),26/62 (42%),22,28,59,22.1 m72.5 ft,2,0,2,0,0,5,1,0,1,0,0,0,13,9,21,0,2,0,0,0,0,2,1,0,4,0,0
K. JUVAN,B. BENCIC,wimbledon,2021,1,129,3,2,36/62 (58%),27/36 (75%),9/26 (35%),7/11 (64%),5/7 (71%),34/67 (51%),22,13,70,24.1 m79.0 ft,3,0,3,0,0,0,0,0,1,0,0,0,14,13,10,0,0,0,0,0,0,2,5,0,3,0,0
E. PEREZ,C. BUREL,wimbledon,2021,1,115,1,6,36/64 (56%),21/36 (58%),10/28 (36%),8/15 (53%),0/4 (0%),16/51 (31%),14,29,47,21.0 m68.9 ft,1,0,1,0,0,1,4,0,2,0,0,1,7,12,20,0,0,0,1,0,0,0,2,0,1,1,0
C. BUREL,E. PEREZ,wimbledon,2021,1,115,3,1,27/51 (53%),21/27 (78%),14/24 (58%),7/10 (70%),4/9 (44%),33/64 (52%),16,10,68,23.3 m76.5 ft,3,0,3,2,0,1,2,2,1,1,0,0,5,10,8,1,0,0,0,0,0,1,1,0,1,0,0
E. VESNINA,M. TREVISAN,wimbledon,2021,1,124,7,2,29/51 (57%),22/29 (76%),14/22 (64%),7/8 (88%),5/15 (33%),36/73 (49%),23,19,72,24.1 m78.9 ft,7,0,7,0,0,3,2,0,0,2,1,2,10,5,15,0,0,0,0,0,0,1,2,0,1,0,0
M. TREVISAN,E. VESNINA,wimbledon,2021,1,124,1,2,48/73 (66%),28/48 (58%),9/25 (36%),3/5 (60%),1/2 (50%),15/51 (29%),11,11,52,24.8 m81.4 ft,1,0,1,0,0,1,0,0,0,1,0,0,9,18,8,0,0,0,0,0,0,0,2,0,0,0,1
F. JONES,C. GAUFF,wimbledon,2021,1,137,1,2,42/74 (57%),27/42 (64%),19/32 (59%),9/14 (64%),0/0 (0%),16/63 (25%),14,25,62,22.7 m74.4 ft,1,0,1,0,0,1,3,0,0,1,0,1,4,5,22,0,1,0,1,0,0,2,1,0,2,0,0
C. GAUFF,F. JONES,wimbledon,2021,1,137,9,3,41/63 (65%),33/41 (80%),14/22 (64%),12/20 (60%),2/7 (29%),28/74 (38%),22,19,75,22.2 m73.0 ft,4,1,5,1,0,1,1,1,0,1,0,1,2,7,15,0,0,0,2,0,0,2,1,0,4,2,0
A. KERBER,N. STOJANOVIC,wimbledon,2021,1,124,0,1,25/47 (53%),20/25 (80%),15/22 (68%),0/1 (0%),4/12 (33%),36/77 (47%),11,12,71,27.4 m89.8 ft,0,0,0,0,0,1,0,0,0,0,0,1,9,6,10,1,1,0,0,0,0,1,3,0,0,0,0
N. STOJANOVIC,A. KERBER,wimbledon,2021,1,124,3,7,46/77 (60%),25/46 (54%),16/31 (52%),11/16 (69%),1/1 (100%),12/47 (26%),20,32,53,25.1 m82.3 ft,3,0,3,0,0,0,2,0,0,2,0,1,10,12,23,0,0,0,0,0,0,1,0,0,2,2,1
S. SORRIBES TORMO,A. KONJUH,wimbledon,2021,1,176,2,2,63/98 (64%),41/63 (65%),15/35 (43%),14/14 (100%),6/12 (50%),38/78 (49%),17,9,94,30.0 m98.4 ft,2,0,2,2,0,0,0,0,0,0,0,0,3,18,7,0,0,0,0,0,0,5,2,0,5,0,0
A. KONJUH,S. SORRIBES TORMO,wimbledon,2021,1,176,4,12,45/78 (58%),28/45 (62%),12/33 (36%),20/36 (56%),5/11 (45%),42/98 (43%),47,51,82,26.4 m86.7 ft,4,0,4,0,1,4,6,1,3,4,1,3,20,7,29,0,1,0,0,0,0,0,7,1,12,2,3
N. HIBINO,B. PERA,wimbledon,2021,1,199,1,8,60/94 (64%),44/60 (73%),14/34 (41%),7/11 (64%),6/12 (50%),50/105 (48%),9,22,108,23.1 m75.7 ft,1,0,1,0,0,2,1,0,0,0,0,0,4,21,13,0,2,0,2,0,0,0,1,1,1,3,0
B. PERA,N. HIBINO,wimbledon,2021,1,199,3,7,55/105 (52%),32/55 (58%),23/50 (46%),11/18 (61%),3/8 (38%),36/94 (38%),23,62,91,21.9 m72.0 ft,3,0,3,1,0,5,3,0,4,0,0,0,15,11,49,0,1,0,0,0,0,1,1,1,0,0,1
A. SASNOVICH,S. WILLIAMS,wimbledon,2021,1,42,3,0,14/22 (64%),9/14 (64%),3/8 (38%),3/4 (75%),1/1 (100%),10/20 (50%),12,3,22,14.7 m48.3 ft,2,1,3,0,0,1,na,na,na,na,na,na,na,na,na,na,na,na,na,na,na,na,na,na,na,na,na
S. WILLIAMS,A. SASNOVICH,wimbledon,2021,1,42,0,2,11/20 (55%),8/11 (73%),2/9 (22%),2/2 (100%),1/4 (25%),10/22 (45%),8,7,20,15.0 m49.4 ft,0,0,0,0,0,4,na,na,na,na,na,na,na,na,na,na,na,na,na,na,na,na,na,na,na,na,na
KA. PLISKOVA,T. ZIDANSEK,wimbledon,2021,1,126,10,4,45/66 (68%),37/45 (82%),11/21 (52%),7/11 (64%),3/3 (100%),22/60 (37%),26,24,70,20.2 m66.4 ft,9,1,10,4,0,0,2,0,1,0,1,0,6,6,16,0,0,1,0,0,0,2,4,0,2,0,2
T. ZIDANSEK,KA. PLISKOVA,wimbledon,2021,1,126,3,4,39/60 (65%),26/39 (67%),12/21 (57%),7/10 (70%),1/5 (20%),18/66 (27%),14,21,56,21.5 m70.6 ft,3,0,3,0,0,1,0,0,1,3,0,1,5,8,15,0,0,0,0,0,0,1,3,0,2,0,0
D. VEKIC,A. POTAPOVA,wimbledon,2021,1,106,2,4,41/59 (69%),26/41 (63%),11/18 (61%),3/7 (43%),5/8 (63%),23/47 (49%),17,15,60,22.4 m73.4 ft,2,0,2,1,0,3,2,0,0,0,0,2,11,16,9,0,1,0,0,0,0,1,0,0,0,1,0
A. POTAPOVA,D. VEKIC,wimbledon,2021,1,106,1,6,24/47 (51%),16/24 (67%),8/23 (35%),3/5 (60%),1/3 (33%),22/59 (37%),6,18,46,24.3 m79.7 ft,1,0,1,0,0,0,1,0,1,0,0,1,2,12,10,1,0,0,0,0,0,0,0,0,1,0,0
A. LI,N. PODOROSKA,wimbledon,2021,1,157,0,4,47/84 (56%),26/47 (55%),15/37 (41%),9/18 (50%),4/13 (31%),33/73 (45%),21,18,74,17.9 m58.8 ft,0,0,0,0,0,1,3,1,1,2,0,1,10,29,12,1,1,0,0,1,0,1,2,0,4,2,0
N. PODOROSKA,A. LI,wimbledon,2021,1,157,1,6,45/73 (62%),31/45 (69%),9/28 (32%),7/12 (58%),5/13 (38%),43/84 (51%),14,20,83,18.3 m60.0 ft,1,0,1,1,0,2,2,0,0,0,0,2,5,18,12,0,0,0,0,0,0,3,1,0,2,1,0
T. MARTINCOVA,A. RISKE,wimbledon,2021,1,170,0,1,61/85 (72%),41/61 (67%),14/24 (58%),12/17 (71%),5/16 (31%),41/85 (48%),18,21,96,26.0 m85.4 ft,0,0,0,0,0,1,5,0,1,1,0,1,7,13,18,0,1,0,1,0,0,3,3,0,1,0,0
A. RISKE,T. MARTINCOVA,wimbledon,2021,1,170,3,5,51/85 (60%),28/51 (55%),16/34 (47%),16/30 (53%),2/8 (25%),30/85 (35%),24,42,74,25.8 m84.8 ft,3,0,3,0,0,1,2,0,2,0,0,1,7,20,30,0,1,0,4,0,0,2,1,0,6,4,4
J. PEGULA,C. GARCIA,wimbledon,2021,1,103,3,1,25/44 (57%),19/25 (76%),13/19 (68%),4/5 (80%),4/8 (50%),29/59 (49%),18,10,61,20.5 m67.4 ft,0,0,0,0,0,0,2,0,1,0,0,0,8,2,8,0,0,0,0,0,0,4,1,0,1,0,0
C. GARCIA,J. PEGULA,wimbledon,2021,1,103,7,5,31/59 (53%),18/31 (58%),12/28 (43%),6/10 (60%),0/0 (0%),12/44 (27%),17,20,42,19.4 m63.8 ft,2,0,2,0,0,0,2,0,0,0,0,0,5,3,15,0,0,0,1,0,0,0,0,0,2,0,0
L. SAMSONOVA,K. KANEPI,wimbledon,2021,1,103,11,4,30/49 (61%),25/30 (83%),10/19 (53%),2/6 (33%),4/7 (57%),26/54 (48%),29,14,61,18.5 m60.7 ft,11,0,11,2,0,4,0,0,1,0,0,0,14,7,9,0,0,0,0,0,0,1,1,0,1,1,0
K. KANEPI,L. SAMSONOVA,wimbledon,2021,1,103,2,3,29/54 (54%),15/29 (52%),13/25 (52%),2/3 (67%),1/2 (50%),14/49 (29%),6,17,42,19.2 m63.1 ft,2,0,2,0,0,1,0,0,0,0,0,0,2,5,14,0,0,0,0,0,0,1,0,0,1,0,0
K. AHN,H. WATSON,wimbledon,2021,1,225,1,1,70/110 (64%),44/70 (63%),19/40 (48%),15/22 (68%),5/11 (45%),46/115 (40%),17,39,109,26.4 m86.8 ft,1,0,1,0,0,1,2,0,0,0,0,3,6,16,34,0,1,0,1,0,0,3,2,0,4,0,1
H. WATSON,K. AHN,wimbledon,2021,1,225,12,3,69/115 (60%),48/69 (70%),21/46 (46%),16/20 (80%),6/8 (75%),47/110 (43%),45,55,116,24.8 m81.2 ft,11,1,12,2,0,2,3,0,0,2,0,4,13,13,45,0,0,0,4,0,0,5,4,2,4,0,1
S. STEPHENS,P. KVITOVA,wimbledon,2021,1,116,3,2,36/61 (59%),28/36 (78%),13/25 (52%),4/6 (67%),3/5 (60%),23/55 (42%),12,14,64,23.9 m78.5 ft,3,0,3,0,1,0,1,0,0,0,0,0,5,13,11,0,1,0,0,0,0,1,2,1,1,0,0
P. KVITOVA,S. STEPHENS,wimbledon,2021,1,116,0,3,32/55 (58%),21/32 (66%),11/23 (48%),8/11 (73%),1/5 (20%),20/61 (33%),8,20,52,23.2 m76.0 ft,0,0,0,1,0,0,1,0,1,0,0,1,4,15,14,0,0,0,0,0,0,0,0,1,2,0,0
E. MERTENS,H. DART,wimbledon,2021,1,112,0,3,29/52 (56%),21/29 (72%),12/23 (52%),7/12 (58%),5/13 (38%),31/60 (52%),16,19,64,25.5 m83.6 ft,0,0,0,2,0,1,1,0,0,1,0,1,9,6,15,0,1,0,2,0,0,0,3,0,1,0,0
H. DART,E. MERTENS,wimbledon,2021,1,112,2,5,26/60 (43%),16/26 (62%),13/34 (38%),7/11 (64%),1/3 (33%),19/52 (37%),14,30,48,26.3 m86.1 ft,2,0,2,0,0,1,0,0,0,0,0,1,9,5,23,1,1,0,0,0,1,1,2,0,1,1,0
L. ZHU,M. BARTHEL,wimbledon,2021,1,213,0,6,66/96 (69%),49/66 (74%),14/30 (47%),18/31 (58%),6/13 (46%),52/117 (44%),23,25,115,26.7 m87.7 ft,0,0,0,1,0,3,1,1,0,0,0,1,7,16,17,0,3,0,0,0,0,3,2,0,11,3,1
M. BARTHEL,L. ZHU,wimbledon,2021,1,213,7,11,60/117 (51%),41/60 (68%),24/57 (42%),19/27 (70%),3/6 (50%),33/96 (34%),34,51,98,25.8 m84.6 ft,6,1,7,0,0,2,2,0,2,1,0,3,12,19,34,1,1,0,0,0,0,5,4,0,6,1,1
J. BURRAGE,L. DAVIS,wimbledon,2021,1,83,4,1,23/36 (64%),12/23 (52%),1/13 (8%),3/8 (38%),1/2 (50%),14/47 (30%),15,24,27,24.4 m80.1 ft,4,0,4,0,0,0,1,1,2,1,0,2,8,9,19,0,0,0,0,0,0,0,0,0,1,1,0
L. DAVIS,J. BURRAGE,wimbledon,2021,1,83,3,0,26/47 (55%),22/26 (85%),11/21 (52%),6/7 (86%),5/5 (100%),23/36 (64%),14,3,56,26.9 m88.3 ft,3,0,3,0,0,1,0,0,0,2,0,0,4,7,2,0,0,0,1,0,0,1,0,0,3,0,1
K. SWAN,M. KEYS,wimbledon,2021,1,123,2,4,39/65 (60%),29/39 (74%),11/26 (42%),5/9 (56%),0/0 (0%),16/58 (28%),7,25,56,19.9 m65.2 ft,2,0,2,0,0,2,0,0,1,0,0,0,3,10,19,0,0,0,0,0,0,0,0,0,2,0,1
M. KEYS,K. SWAN,wimbledon,2021,1,123,8,2,34/58 (59%),29/34 (85%),13/24 (54%),4/5 (80%),2/8 (25%),25/65 (38%),17,23,67,19.6 m64.2 ft,7,1,8,0,0,0,2,0,0,0,0,2,4,4,18,0,0,0,2,0,1,1,2,0,0,0,0
V. KUDERMETOVA,V. GOLUBIC,wimbledon,2021,1,248,8,7,59/124 (48%),43/59 (73%),27/65 (42%),15/27 (56%),4/11 (36%),49/124 (40%),39,42,119,22.6 m74.2 ft,8,0,8,0,1,9,4,0,9,1,0,0,16,29,24,0,0,0,1,0,0,2,8,0,6,0,2
V. GOLUBIC,V. KUDERMETOVA,wimbledon,2021,1,248,1,2,89/124 (72%),60/89 (67%),15/35 (43%),18/27 (67%),6/15 (40%),54/124 (44%),15,25,129,23.0 m75.6 ft,1,0,1,0,0,1,4,0,3,1,0,2,4,32,17,0,1,0,1,0,0,0,1,0,4,2,1
P. HERCOG,D. COLLINS,wimbledon,2021,1,180,8,8,48/86 (56%),33/48 (69%),14/38 (37%),4/8 (50%),3/12 (25%),37/94 (39%),23,26,84,27.1 m88.8 ft,8,0,8,2,0,3,0,0,0,3,0,0,8,28,18,0,0,0,2,0,0,0,6,0,0,0,0
D. COLLINS,P. HERCOG,wimbledon,2021,1,180,1,2,51/94 (54%),35/51 (69%),22/43 (51%),17/21 (81%),5/11 (45%),39/86 (45%),24,33,96,23.4 m76.8 ft,1,0,1,2,0,4,7,1,3,0,0,0,9,10,28,0,1,0,0,0,0,3,1,0,2,0,0
M. BRENGLE,C. MCHALE,wimbledon,2021,1,245,0,4,91/113 (81%),60/91 (66%),11/22 (50%),7/17 (41%),6/14 (43%),57/132 (43%),13,26,128,32.7 m107.4 ft,0,0,0,0,0,0,2,0,0,1,0,0,8,22,22,0,2,0,1,0,0,0,2,0,1,0,0
C. MCHALE,M. BRENGLE,wimbledon,2021,1,245,1,7,87/132 (66%),57/87 (66%),18/45 (40%),23/28 (82%),5/10 (50%),42/113 (37%),57,76,117,30.2 m99.2 ft,1,0,1,1,0,1,0,0,2,3,1,1,36,31,64,0,0,1,4,0,0,5,0,1,7,0,0
X. WANG,S. KENIN,wimbledon,2021,1,110,8,7,21/53 (40%),18/21 (86%),14/32 (44%),5/7 (71%),0/1 (0%),17/57 (30%),22,15,49,19.8 m64.9 ft,7,1,8,0,0,4,1,0,0,0,0,1,12,10,7,0,0,0,0,0,0,0,0,0,1,0,0
S. KENIN,X. WANG,wimbledon,2021,1,110,0,2,39/57 (68%),29/39 (74%),11/18 (61%),4/8 (50%),3/6 (50%),21/53 (40%),19,17,61,18.6 m61.2 ft,0,0,0,1,0,2,0,0,0,2,0,1,14,3,13,0,0,0,0,0,0,1,0,0,1,1,1
I. SWIATEK,S-W. HSIEH,wimbledon,2021,1,119,4,1,34/53 (64%),27/34 (79%),11/19 (58%),6/10 (60%),3/7 (43%),28/66 (42%),20,18,66,24.8 m81.4 ft,4,0,4,2,0,2,0,0,0,1,0,0,10,7,15,0,1,1,0,0,0,1,2,1,2,0,0
S-W. HSIEH,I. SWIATEK,wimbledon,2021,1,119,1,6,43/66 (65%),28/43 (65%),10/23 (43%),12/17 (71%),1/2 (50%),15/53 (28%),16,23,53,24.2 m79.5 ft,1,0,1,0,0,2,0,0,0,3,0,1,5,7,15,0,1,0,0,0,1,1,0,0,6,3,0
M. BOUZKOVA,V. ZVONAREVA,wimbledon,2021,1,143,1,1,44/67 (66%),26/44 (59%),10/23 (43%),8/13 (62%),3/9 (33%),32/76 (42%),19,21,68,27.4 m89.8 ft,1,0,1,0,0,1,0,0,1,1,0,0,9,12,18,1,0,0,1,0,0,4,4,0,2,1,1
V. ZVONAREVA,M. BOUZKOVA,wimbledon,2021,1,143,1,7,45/76 (59%),34/45 (76%),10/31 (32%),18/25 (72%),5/8 (63%),31/67 (46%),31,30,75,25.5 m83.8 ft,1,0,1,1,0,3,5,0,0,2,0,1,13,10,20,1,0,0,2,0,0,0,2,0,6,0,2
I. BEGU,K. VOLYNETS,wimbledon,2021,1,142,0,5,49/77 (64%),28/49 (57%),12/28 (43%),13/13 (100%),7/14 (50%),34/65 (52%),21,25,74,31.4 m103.1 ft,0,0,0,1,0,1,2,0,0,2,0,0,9,24,20,0,0,0,1,0,0,1,1,0,5,0,0
K. VOLYNETS,I. BEGU,wimbledon,2021,1,142,0,3,47/65 (72%),22/47 (47%),9/18 (50%),2/3 (67%),5/9 (56%),37/77 (48%),9,19,68,33.9 m111.2 ft,0,0,0,0,0,2,0,0,0,0,0,0,9,20,16,0,0,0,0,0,0,0,5,0,0,0,0
V. GRACHEVA,P. MARTIC,wimbledon,2021,1,218,3,8,56/106 (53%),33/56 (59%),23/50 (46%),13/28 (46%),5/6 (83%),50/112 (45%),32,56,106,27.8 m91.4 ft,3,0,3,0,0,1,6,1,6,4,2,2,14,14,38,1,0,0,3,0,0,1,4,1,0,0,1
P. MARTIC,V. GRACHEVA,wimbledon,2021,1,218,3,4,73/112 (65%),48/73 (66%),14/39 (36%),9/14 (64%),7/19 (37%),50/106 (47%),18,45,112,28.5 m93.5 ft,3,0,3,2,0,1,1,1,0,2,1,4,6,16,35,0,1,0,1,0,0,0,3,0,3,0,2
O. JABEUR,R. PETERSON,wimbledon,2021,1,90,2,1,18/34 (53%),18/18 (100%),10/16 (63%),14/18 (78%),5/10 (50%),29/56 (52%),19,12,57,26.0 m85.2 ft,2,0,2,0,0,1,1,0,0,2,0,2,5,3,8,1,0,0,0,0,0,0,2,0,8,1,1
R. PETERSON,O. JABEUR,wimbledon,2021,1,90,0,3,33/56 (59%),17/33 (52%),10/23 (43%),7/18 (39%),0/0 (0%),6/34 (18%),8,23,33,27.3 m89.7 ft,0,0,0,0,0,0,1,0,1,0,0,1,3,7,16,0,0,0,0,0,1,1,3,1,3,0,0
M. BUZARNESCU,V. WILLIAMS,wimbledon,2021,1,214,5,1,55/88 (63%),40/55 (73%),17/33 (52%),9/14 (64%),2/15 (13%),48/126 (38%),28,33,105,23.5 m76.9 ft,5,0,5,1,0,0,1,0,0,0,0,0,20,18,32,0,1,0,0,0,0,1,4,0,0,4,0
V. WILLIAMS,M. BUZARNESCU,wimbledon,2021,1,214,10,8,76/126 (60%),57/76 (75%),21/50 (42%),14/20 (70%),3/7 (43%),31/88 (35%),33,38,109,22.8 m74.7 ft,10,0,10,3,0,1,2,1,1,0,0,0,14,19,27,0,0,0,1,0,0,0,6,0,3,1,2
S. KUZNETSOVA,L. PATTINAMA KERKHOVE,wimbledon,2021,1,105,5,5,26/55 (47%),17/26 (65%),13/29 (45%),2/4 (50%),1/2 (50%),17/50 (34%),13,19,47,18.4 m60.5 ft,5,0,5,2,0,2,1,1,1,0,0,0,5,15,13,0,1,0,0,0,0,0,1,0,0,0,0
L. PATTINAMA KERKHOVE,S. KUZNETSOVA,wimbledon,2021,1,105,0,3,29/50 (58%),23/29 (79%),10/21 (48%),7/8 (88%),4/11 (36%),25/55 (45%),15,17,58,18.2 m59.7 ft,0,0,0,3,0,1,4,0,1,1,0,0,6,7,13,0,0,0,0,0,0,0,1,0,1,0,0
F. FERRO,G. MUGURUZA,wimbledon,2021,1,74,0,2,20/44 (45%),11/20 (55%),1/24 (4%),1/3 (33%),1/1 (100%),8/30 (27%),7,22,20,23.9 m78.5 ft,0,0,0,0,0,0,0,0,0,0,0,0,6,14,20,0,0,0,1,1,0,0,2,0,0,0,0
G. MUGURUZA,F. FERRO,wimbledon,2021,1,74,1,1,17/30 (57%),13/17 (76%),9/13 (69%),3/4 (75%),7/10 (70%),32/44 (73%),10,7,54,23.8 m78.0 ft,1,0,1,0,0,3,0,0,1,0,0,0,7,2,5,1,0,0,0,0,0,0,0,0,1,0,0
M. SAKKARI,A. RUS,wimbledon,2021,1,80,7,0,15/32 (47%),15/15 (100%),13/17 (76%),5/6 (83%),5/12 (42%),27/48 (56%),19,14,55,23.8 m78.0 ft,7,0,7,0,0,0,2,0,1,2,0,0,5,3,13,3,0,0,0,0,0,0,0,0,0,0,0
A. RUS,M. SAKKARI,wimbledon,2021,1,80,0,3,37/48 (77%),17/37 (46%),4/11 (36%),2/5 (40%),0/0 (0%),4/32 (13%),3,27,25,22.5 m73.7 ft,0,0,0,0,0,0,1,0,1,0,0,0,2,4,23,0,0,0,0,0,0,0,0,0,0,0,0
S. ROGERS,S. STOSUR,wimbledon,2021,1,170,2,6,51/82 (62%),36/51 (71%),14/31 (45%),10/22 (45%),7/16 (44%),43/88 (49%),22,23,93,24.2 m79.5 ft,2,0,2,1,0,1,2,1,1,1,0,0,7,5,13,0,3,0,1,0,1,7,3,1,1,1,1
S. STOSUR,S. ROGERS,wimbledon,2021,1,170,2,6,54/88 (61%),33/54 (61%),12/34 (35%),21/37 (57%),4/7 (57%),32/82 (39%),21,41,77,23.6 m77.5 ft,2,0,2,0,0,0,2,0,4,0,0,1,5,8,29,0,1,0,3,0,0,3,0,0,6,4,1
M. DOI,C. LIU,wimbledon,2021,1,228,1,3,58/110 (53%),39/58 (67%),25/52 (48%),14/20 (70%),4/16 (25%),47/118 (40%),35,31,111,24.0 m78.9 ft,1,0,1,1,0,0,6,0,1,1,0,1,23,20,25,0,0,0,2,0,0,0,4,1,1,0,0
C. LIU,M. DOI,wimbledon,2021,1,228,5,5,77/118 (65%),52/77 (68%),19/41 (46%),32/41 (78%),4/15 (27%),46/110 (42%),41,24,117,23.4 m76.7 ft,5,0,5,0,0,0,8,0,2,3,0,1,8,28,12,1,0,0,4,0,2,2,3,1,10,3,1
K. MLADENOVIC,E. RYBAKINA,wimbledon,2021,1,88,1,5,22/48 (46%),15/22 (68%),10/26 (38%),0/0 (0%),0/0 (0%),8/40 (20%),6,15,33,20.6 m67.5 ft,1,0,1,0,0,1,0,0,0,0,0,1,3,8,9,0,0,0,0,0,0,1,1,0,1,0,0
E. RYBAKINA,K. MLADENOVIC,wimbledon,2021,1,88,7,1,26/40 (65%),23/26 (88%),9/14 (64%),3/4 (75%),4/10 (40%),23/48 (48%),20,16,55,20.9 m68.7 ft,6,1,7,2,0,2,1,0,0,1,0,1,9,2,14,0,0,0,0,0,0,0,0,0,0,0,0
E. ALEXANDROVA,L. SIEGEMUND,wimbledon,2021,1,88,5,2,25/42 (60%),22/25 (88%),11/17 (65%),3/4 (75%),4/6 (67%),23/46 (50%),25,18,56,21.2 m69.6 ft,5,0,5,0,1,6,0,0,0,0,0,0,16,2,16,0,0,0,1,0,0,1,0,0,1,0,0
L. SIEGEMUND,E. ALEXANDROVA,wimbledon,2021,1,88,1,2,30/46 (65%),16/30 (53%),7/16 (44%),4/7 (57%),0/3 (0%),9/42 (21%),7,22,32,21.4 m70.1 ft,1,0,1,0,0,0,2,0,2,0,0,1,2,5,17,0,0,0,0,0,0,1,0,0,1,0,0
M. OSORIO SERRANO,A. KALINSKAYA,wimbledon,2021,1,147,2,7,60/85 (71%),34/60 (57%),11/25 (44%),12/14 (86%),6/8 (75%),29/62 (47%),18,26,74,24.4 m80.0 ft,2,0,2,0,0,0,0,1,0,3,1,2,5,10,17,3,0,0,1,0,0,3,4,0,1,0,0
A. KALINSKAYA,M. OSORIO SERRANO,wimbledon,2021,1,147,1,2,38/62 (61%),22/38 (58%),11/24 (46%),14/24 (58%),5/13 (38%),40/85 (47%),19,31,73,24.6 m80.9 ft,1,0,1,0,0,2,1,0,1,2,0,0,13,10,28,0,0,0,0,1,0,0,2,0,2,0,0
D. LAO,K. BOULTER,wimbledon,2021,1,192,2,2,74/101 (73%),41/74 (55%),16/27 (59%),16/26 (62%),2/3 (67%),28/91 (31%),23,31,85,24.5 m80.3 ft,2,0,2,0,0,1,0,0,1,0,0,0,5,15,26,1,0,0,1,0,0,4,2,1,10,2,1
K. BOULTER,D. LAO,wimbledon,2021,1,192,4,3,54/91 (59%),42/54 (78%),21/37 (57%),12/25 (48%),4/9 (44%),44/101 (44%),37,29,107,23.1 m75.8 ft,4,0,4,3,0,3,1,2,4,2,0,1,14,8,19,1,0,0,1,0,0,5,2,2,6,0,0
M. NICULESCU,A. SABALENKA,wimbledon,2021,1,115,0,0,51/59 (86%),20/51 (39%),5/8 (63%),6/10 (60%),2/3 (67%),20/56 (36%),8,5,45,23.5 m77.3 ft,0,0,0,0,0,1,0,0,0,1,0,1,0,5,3,0,0,1,2,0,0,2,3,0,3,1,0
A. SABALENKA,M. NICULESCU,wimbledon,2021,1,115,6,3,31/56 (55%),21/31 (68%),15/25 (60%),16/22 (73%),5/11 (45%),34/59 (58%),48,30,70,20.9 m68.5 ft,5,1,6,1,0,15,0,0,1,3,0,2,30,2,22,0,0,0,2,0,1,1,1,0,5,0,1
A. BARTY,A. BLINKOVA,wimbledon,2021,2,140,5,9,39/74 (53%),27/39 (69%),14/35 (40%),9/12 (75%),6/15 (40%),36/66 (55%),33,33,77,24.6 m80.7 ft,5,0,5,0,0,0,3,0,1,2,0,0,16,11,23,1,1,0,0,0,0,4,1,0,2,0,0
A. BLINKOVA,A. BARTY,wimbledon,2021,2,140,1,2,38/66 (58%),19/38 (50%),11/28 (39%),6/13 (46%),3/8 (38%),33/74 (45%),12,21,63,23.8 m78.2 ft,1,0,1,0,0,1,0,0,1,1,0,0,5,16,18,0,0,0,2,0,0,1,2,0,2,0,0
C. VANDEWEGHE,K. SINIAKOVA,wimbledon,2021,2,168,8,4,47/85 (55%),33/47 (70%),16/38 (42%),22/34 (65%),1/4 (25%),26/83 (31%),32,33,75,19.7 m64.6 ft,8,0,8,1,0,2,5,0,5,0,0,0,8,11,22,0,0,0,1,0,0,1,3,0,8,1,2
K. SINIAKOVA,C. VANDEWEGHE,wimbledon,2021,2,168,3,8,43/83 (52%),34/43 (79%),23/40 (57%),8/14 (57%),4/10 (40%),36/85 (42%),19,14,93,20.9 m68.5 ft,3,0,3,0,2,2,0,0,1,3,0,1,4,12,4,0,0,0,0,0,0,3,5,0,4,1,0
M. KOSTYUK,A. SEVASTOVA,wimbledon,2021,2,167,2,2,47/75 (63%),31/47 (66%),11/28 (39%),11/19 (58%),5/11 (45%),41/92 (45%),23,30,83,27.1 m88.8 ft,2,0,2,0,0,2,1,0,4,6,0,1,4,19,22,1,1,0,2,0,1,3,4,0,4,0,0
A. SEVASTOVA,M. KOSTYUK,wimbledon,2021,2,167,1,4,54/92 (59%),31/54 (57%),20/38 (53%),13/23 (57%),5/7 (71%),33/75 (44%),18,31,84,26.7 m87.7 ft,1,0,1,2,0,0,7,1,1,1,1,3,7,11,21,0,3,0,0,0,1,0,2,0,0,0,1
A. PETKOVIC,B. KREJCIKOVA,wimbledon,2021,2,122,3,3,40/61 (66%),27/40 (68%),9/21 (43%),6/10 (60%),2/6 (33%),19/61 (31%),12,19,55,21.6 m70.8 ft,3,0,3,0,0,2,2,0,0,0,0,0,5,14,15,0,0,0,1,0,1,1,0,0,0,0,0
B. KREJCIKOVA,A. PETKOVIC,wimbledon,2021,2,122,4,3,39/61 (64%),29/39 (74%),13/22 (59%),6/9 (67%),4/5 (80%),25/61 (41%),24,28,67,20.4 m67.1 ft,3,1,4,1,0,2,1,0,1,2,0,0,11,3,24,0,0,0,0,0,0,2,2,0,3,1,0
V. AZARENKA,S. CIRSTEA,wimbledon,2021,2,206,9,9,63/109 (58%),41/63 (65%),21/46 (46%),10/17 (59%),5/8 (63%),40/97 (41%),35,30,102,25.7 m84.3 ft,8,1,9,0,0,5,0,1,1,0,0,0,15,21,20,0,1,0,1,0,0,4,4,0,6,0,0
S. CIRSTEA,V. AZARENKA,wimbledon,2021,2,206,3,3,58/97 (60%),40/58 (69%),17/39 (44%),12/17 (71%),5/16 (31%),47/109 (43%),29,22,104,24.9 m81.8 ft,3,0,3,1,1,3,4,0,0,0,0,0,15,21,19,0,0,0,2,0,0,3,1,0,0,1,0
E. RADUCANU,M. VONDROUSOVA,wimbledon,2021,2,118,0,4,43/63 (68%),34/43 (79%),7/20 (35%),7/11 (64%),4/7 (57%),25/55 (45%),14,20,66,24.1 m79.0 ft,0,0,0,0,0,2,1,0,0,1,0,0,10,8,14,0,0,0,1,0,1,0,2,0,1,1,1
M. VONDROUSOVA,E. RADUCANU,wimbledon,2021,2,118,2,5,31/55 (56%),19/31 (61%),11/24 (46%),6/6 (100%),1/6 (17%),22/63 (35%),14,25,52,25.0 m81.9 ft,2,0,2,1,0,1,0,0,0,2,0,5,7,14,15,0,0,0,1,0,0,0,2,0,1,0,0
D. KASATKINA,J. OSTAPENKO,wimbledon,2021,2,181,2,7,55/92 (60%),26/55 (47%),12/37 (32%),1/4 (25%),8/15 (53%),44/89 (49%),11,24,82,24.5 m80.3 ft,2,0,2,0,0,3,0,0,1,0,0,2,8,18,14,1,0,0,0,0,0,0,2,0,0,0,0
J. OSTAPENKO,D. KASATKINA,wimbledon,2021,2,181,3,4,53/89 (60%),29/53 (55%),16/36 (44%),10/13 (77%),10/12 (83%),54/92 (59%),48,48,99,21.9 m71.8 ft,2,1,3,0,0,13,0,0,0,2,0,4,36,14,38,0,0,0,0,0,1,0,0,0,7,0,1
A. TOMLJANOVIC,A. CORNET,wimbledon,2021,2,178,1,4,64/88 (73%),42/64 (66%),7/24 (29%),11/23 (48%),4/13 (31%),38/90 (42%),23,37,87,28.7 m94.3 ft,1,0,1,0,0,1,3,0,1,0,0,0,11,14,30,0,1,1,2,0,0,3,3,1,3,2,0
A. CORNET,A. TOMLJANOVIC,wimbledon,2021,2,178,4,5,57/90 (63%),39/57 (68%),13/33 (39%),9/14 (64%),5/9 (56%),39/88 (44%),24,31,91,28.4 m93.1 ft,4,0,4,0,0,2,0,0,0,2,0,2,9,19,22,0,0,0,1,0,0,6,1,2,2,0,0
E. SVITOLINA,M. LINETTE,wimbledon,2021,2,110,3,0,39/56 (70%),28/39 (72%),5/17 (29%),4/8 (50%),1/2 (50%),15/54 (28%),8,14,48,24.2 m79.5 ft,3,0,3,1,0,0,1,0,0,0,0,1,2,12,13,0,1,0,0,0,0,0,2,0,1,0,0
M. LINETTE,E. SVITOLINA,wimbledon,2021,2,110,2,3,31/54 (57%),23/31 (74%),16/23 (70%),8/9 (89%),3/9 (33%),23/56 (41%),28,15,62,23.9 m78.3 ft,2,0,2,3,1,2,2,0,0,1,0,1,14,7,10,0,0,0,0,0,0,3,2,0,2,0,1
Y. PUTINTSEVA,P. BADOSA,wimbledon,2021,2,109,0,1,32/55 (58%),17/32 (53%),10/23 (43%),4/8 (50%),2/3 (67%),20/54 (37%),9,11,47,27.1 m88.8 ft,0,0,0,0,0,0,2,1,0,1,1,1,3,16,9,0,0,0,0,0,0,3,2,0,0,1,0
P. BADOSA,Y. PUTINTSEVA,wimbledon,2021,2,109,2,8,36/54 (67%),28/36 (78%),6/18 (33%),5/9 (56%),5/9 (56%),28/55 (51%),20,13,62,26.3 m86.3 ft,2,0,2,2,1,1,2,0,1,0,0,1,11,14,3,0,0,0,0,0,0,2,1,0,0,0,0
K. MUCHOVA,C. GIORGI,wimbledon,2021,2,192,11,1,58/94 (62%),38/58 (66%),19/36 (53%),5/9 (56%),6/14 (43%),45/98 (46%),23,24,102,22.6 m74.2 ft,11,0,11,1,0,0,1,0,0,2,0,1,4,12,22,1,1,0,1,0,0,1,1,0,1,3,0
C. GIORGI,K. MUCHOVA,wimbledon,2021,2,192,2,10,55/98 (56%),35/55 (64%),18/43 (42%),20/28 (71%),4/8 (50%),37/94 (39%),36,46,90,21.9 m72.0 ft,2,0,2,0,0,1,2,0,3,0,0,0,17,12,31,0,0,0,3,0,1,0,1,0,12,1,1
KR. PLISKOVA,A. PAVLYUCHENKOVA,wimbledon,2021,2,112,2,3,35/60 (58%),21/35 (60%),11/25 (44%),4/6 (67%),2/8 (25%),18/52 (35%),17,21,50,22.3 m73.2 ft,1,1,2,0,0,0,0,0,0,1,0,1,11,8,15,1,0,1,0,0,0,0,1,1,2,0,0
A. PAVLYUCHENKOVA,KR. PLISKOVA,wimbledon,2021,2,112,3,3,35/52 (67%),27/35 (77%),7/17 (41%),11/14 (79%),5/14 (36%),28/60 (47%),23,16,62,22.4 m73.5 ft,3,0,3,0,0,1,0,0,1,2,0,1,13,9,10,0,0,0,2,0,0,1,1,1,2,0,0
K. JUVAN,C. BUREL,wimbledon,2021,2,118,0,0,30/57 (53%),20/30 (67%),17/27 (63%),16/27 (59%),4/9 (44%),30/61 (49%),15,18,67,22.3 m73.1 ft,0,0,0,1,0,3,0,1,2,0,0,2,5,6,13,0,1,0,2,0,0,0,3,0,7,1,1
C. BUREL,K. JUVAN,wimbledon,2021,2,118,0,6,23/61 (38%),16/23 (70%),15/38 (39%),9/18 (50%),2/3 (67%),20/57 (35%),15,31,51,23.2 m76.0 ft,0,0,0,2,0,3,1,1,0,1,0,1,7,9,21,0,0,0,0,0,0,2,6,0,2,2,3
E. VESNINA,C. GAUFF,wimbledon,2021,2,112,4,4,35/52 (67%),23/35 (66%),7/17 (41%),8/11 (73%),1/3 (33%),22/60 (37%),13,19,52,20.4 m67.0 ft,4,0,4,1,0,2,3,0,1,0,0,1,3,6,13,0,0,0,0,0,0,1,1,0,1,0,0
C. GAUFF,E. VESNINA,wimbledon,2021,2,112,9,5,39/60 (65%),30/39 (77%),8/21 (38%),3/5 (60%),4/7 (57%),22/52 (42%),19,14,60,21.6 m71.0 ft,9,0,9,1,0,2,1,0,1,1,0,0,4,10,6,0,1,0,1,0,0,1,2,1,1,0,1
A. KERBER,S. SORRIBES TORMO,wimbledon,2021,2,223,1,2,80/111 (72%),50/80 (63%),12/31 (39%),5/14 (36%),8/14 (57%),56/112 (50%),47,47,118,37.7 m123.7 ft,1,0,1,0,0,0,1,0,0,5,0,6,27,14,38,3,3,0,0,0,1,7,8,0,3,0,0
S. SORRIBES TORMO,A. KERBER,wimbledon,2021,2,223,0,3,68/112 (61%),34/68 (50%),22/44 (50%),31/52 (60%),7/20 (35%),49/111 (44%),30,32,105,41.6 m136.5 ft,0,0,0,0,0,1,0,1,2,3,1,3,9,23,23,1,2,0,0,0,1,2,0,0,15,3,0
N. HIBINO,A. SASNOVICH,wimbledon,2021,2,152,2,5,44/70 (63%),28/44 (64%),9/26 (35%),7/9 (78%),4/7 (57%),35/82 (43%),13,22,72,24.2 m79.5 ft,2,0,2,0,0,0,0,0,0,0,1,1,7,12,16,0,2,0,3,0,0,0,1,0,1,1,0
A. SASNOVICH,N. HIBINO,wimbledon,2021,2,152,3,4,54/82 (66%),33/54 (61%),14/28 (50%),12/19 (63%),5/9 (56%),33/70 (47%),27,30,80,22.9 m75.1 ft,2,1,3,1,0,2,6,0,1,3,0,1,10,10,23,0,3,0,1,0,0,0,0,1,3,3,0
KA. PLISKOVA,D. VEKIC,wimbledon,2021,2,106,5,4,28/46 (61%),26/28 (93%),9/18 (50%),4/4 (100%),4/11 (36%),30/60 (50%),23,7,65,22.7 m74.4 ft,5,0,5,1,0,3,0,0,0,0,0,0,12,6,3,0,0,0,0,0,0,2,1,0,3,0,0
D. VEKIC,KA. PLISKOVA,wimbledon,2021,2,106,2,3,36/60 (60%),23/36 (64%),7/24 (29%),8/12 (67%),0/0 (0%),11/46 (24%),21,19,41,22.1 m72.6 ft,1,1,2,1,0,0,0,0,0,3,0,0,12,16,16,0,0,0,0,0,0,0,0,0,3,0,0
N. PODOROSKA,T. MARTINCOVA,wimbledon,2021,2,191,5,7,53/87 (61%),37/53 (70%),14/34 (41%),18/27 (67%),1/15 (7%),41/104 (39%),35,46,92,27.9 m91.4 ft,5,0,5,0,0,1,5,0,2,5,1,1,12,10,35,0,0,0,0,0,0,3,3,1,5,2,0
T. MARTINCOVA,N. PODOROSKA,wimbledon,2021,2,191,0,3,80/104 (77%),50/80 (63%),13/24 (54%),12/21 (57%),2/9 (22%),36/87 (41%),20,23,99,27.6 m90.7 ft,0,0,0,0,0,1,1,0,2,0,1,2,9,16,16,1,0,0,2,0,0,3,6,0,4,0,0
J. PEGULA,L. SAMSONOVA,wimbledon,2021,2,211,4,6,76/120 (63%),48/76 (63%),22/44 (50%),9/14 (64%),2/5 (40%),33/91 (36%),20,27,103,22.0 m72.1 ft,3,1,4,2,0,2,1,0,1,1,0,0,8,20,20,0,1,0,0,0,0,2,1,0,2,0,0
L. SAMSONOVA,J. PEGULA,wimbledon,2021,2,211,3,6,47/91 (52%),38/47 (81%),20/44 (45%),10/15 (67%),3/10 (30%),50/120 (42%),36,51,108,20.4 m67.0 ft,3,0,3,3,0,4,2,0,1,1,0,0,19,9,40,1,0,0,0,0,0,2,3,2,5,0,2
K. AHN,S. STEPHENS,wimbledon,2021,2,142,0,3,57/80 (71%),26/57 (46%),13/23 (57%),13/15 (87%),3/11 (27%),26/62 (42%),17,20,65,30.0 m98.4 ft,0,0,0,0,0,0,0,0,1,0,0,1,10,19,15,1,0,0,3,0,0,1,1,0,2,1,0
S. STEPHENS,K. AHN,wimbledon,2021,2,142,3,2,37/62 (60%),22/37 (59%),14/25 (56%),7/11 (64%),6/12 (50%),41/80 (51%),26,28,77,28.6 m93.7 ft,3,0,3,1,0,0,1,0,1,0,0,0,15,10,25,0,0,0,0,0,0,0,5,0,6,0,0
E. MERTENS,L. ZHU,wimbledon,2021,2,86,5,3,25/38 (66%),19/25 (76%),7/13 (54%),10/13 (77%),6/12 (50%),29/48 (60%),22,12,55,28.4 m93.0 ft,5,0,5,0,1,0,1,0,0,1,0,2,6,8,6,0,0,0,2,0,0,1,4,0,5,0,1
L. ZHU,E. MERTENS,wimbledon,2021,2,86,0,2,30/48 (63%),12/30 (40%),7/18 (39%),6/8 (75%),1/1 (100%),12/38 (32%),5,15,31,29.3 m96.2 ft,0,0,0,0,0,0,0,0,0,1,0,0,3,10,13,0,1,0,0,0,0,0,0,0,1,1,0
L. DAVIS,M. KEYS,wimbledon,2021,2,106,1,2,33/54 (61%),18/33 (55%),9/21 (43%),5/8 (63%),1/3 (33%),17/52 (33%),11,9,44,21.0 m68.9 ft,1,0,1,0,0,3,0,2,0,1,0,0,5,19,6,0,0,0,0,0,0,1,0,0,3,0,1
M. KEYS,L. DAVIS,wimbledon,2021,2,106,4,2,33/52 (63%),25/33 (76%),10/19 (53%),5/8 (63%),4/7 (57%),27/54 (50%),22,13,62,20.2 m66.3 ft,4,0,4,0,0,6,4,0,1,0,0,0,13,4,10,0,0,0,0,0,0,0,1,0,1,0,0
V. GOLUBIC,D. COLLINS,wimbledon,2021,2,85,0,2,26/43 (60%),20/26 (77%),8/17 (47%),8/9 (89%),6/12 (50%),28/42 (67%),21,10,56,24.6 m80.7 ft,0,0,0,0,0,3,1,0,1,3,0,0,11,5,7,0,1,0,2,0,0,1,0,0,3,0,0
D. COLLINS,V. GOLUBIC,wimbledon,2021,2,85,0,4,18/42 (43%),10/18 (56%),4/24 (17%),2/8 (25%),1/3 (33%),15/43 (35%),9,27,29,22.8 m74.8 ft,0,0,0,1,0,2,0,0,3,0,0,0,7,4,19,0,0,0,1,0,0,0,1,0,0,0,1
M. BRENGLE,S. KENIN,wimbledon,2021,2,94,0,2,37/47 (79%),23/37 (62%),5/10 (50%),2/5 (40%),6/7 (86%),27/47 (57%),6,7,55,25.6 m84.0 ft,0,0,0,0,0,0,0,0,0,0,0,0,5,9,5,0,0,0,0,0,0,1,2,0,0,0,0
S. KENIN,M. BRENGLE,wimbledon,2021,2,94,0,2,37/47 (79%),18/37 (49%),2/10 (20%),8/13 (62%),3/3 (100%),19/47 (40%),20,41,39,22.7 m74.3 ft,0,0,0,1,0,3,1,0,1,1,0,5,12,4,32,0,0,0,0,0,0,2,0,0,3,0,1
I. SWIATEK,V. ZVONAREVA,wimbledon,2021,2,94,4,1,30/48 (63%),23/30 (77%),8/18 (44%),2/3 (67%),5/11 (45%),24/46 (52%),16,14,55,23.6 m77.3 ft,3,1,4,1,0,0,0,0,0,0,0,0,10,5,12,0,0,1,0,0,0,1,1,0,0,0,0
V. ZVONAREVA,I. SWIATEK,wimbledon,2021,2,94,1,2,36/46 (78%),20/36 (56%),2/10 (20%),7/13 (54%),1/4 (25%),17/48 (35%),10,16,39,22.9 m75.2 ft,1,0,1,0,0,1,4,0,1,0,0,0,4,15,11,0,0,0,0,0,1,0,2,0,1,2,1
I. BEGU,P. MARTIC,wimbledon,2021,2,207,6,1,78/99 (79%),51/78 (65%),9/21 (43%),15/21 (71%),6/11 (55%),49/108 (45%),40,25,109,31.3 m102.8 ft,6,0,6,1,1,2,1,0,1,5,0,0,17,9,21,2,0,0,2,0,0,2,4,1,3,0,1
P. MARTIC,I. BEGU,wimbledon,2021,2,207,5,3,65/108 (60%),40/65 (62%),19/43 (44%),24/30 (80%),4/6 (67%),39/99 (39%),42,44,98,30.6 m100.3 ft,5,0,5,0,0,4,4,0,1,3,1,2,14,7,37,1,2,0,4,0,0,1,3,0,10,0,1
O. JABEUR,V. WILLIAMS,wimbledon,2021,2,133,4,1,26/57 (46%),20/26 (77%),18/31 (58%),4/7 (57%),5/12 (42%),39/76 (51%),25,19,77,24.1 m79.0 ft,4,0,4,0,0,5,2,0,0,8,0,5,8,12,11,0,0,1,0,0,0,3,1,0,0,0,1
V. WILLIAMS,O. JABEUR,wimbledon,2021,2,133,0,3,46/76 (61%),26/46 (57%),11/30 (37%),8/12 (67%),1/6 (17%),19/57 (33%),15,36,56,22.8 m74.7 ft,0,0,0,0,0,3,0,0,0,0,0,0,11,8,32,0,0,0,0,0,0,1,0,1,3,0,0
L. PATTINAMA KERKHOVE,G. MUGURUZA,wimbledon,2021,2,105,0,5,38/61 (62%),23/38 (61%),6/23 (26%),4/6 (67%),1/4 (25%),10/44 (23%),10,19,39,22.8 m74.7 ft,0,0,0,1,0,1,2,1,1,0,0,0,4,18,13,0,0,0,0,0,0,2,0,0,1,0,0
G. MUGURUZA,L. PATTINAMA KERKHOVE,wimbledon,2021,2,105,7,1,27/44 (61%),22/27 (81%),12/17 (71%),4/7 (57%),4/12 (33%),32/61 (52%),22,17,66,22.2 m72.7 ft,6,1,7,2,0,0,3,0,1,2,0,0,7,4,15,1,0,0,0,0,0,0,1,0,0,0,0
M. SAKKARI,S. ROGERS,wimbledon,2021,2,160,6,5,55/87 (63%),36/55 (65%),12/32 (38%),9/13 (69%),2/6 (33%),28/73 (38%),24,29,76,24.1 m79.2 ft,6,0,6,1,0,2,1,1,0,1,0,4,12,23,20,1,2,0,0,0,0,0,3,0,2,0,0
S. ROGERS,M. SAKKARI,wimbledon,2021,2,160,1,2,51/73 (70%),34/51 (67%),11/22 (50%),14/20 (70%),4/8 (50%),39/87 (45%),18,20,84,23.9 m78.4 ft,1,0,1,0,0,1,2,0,1,0,0,0,11,16,16,0,0,0,0,0,0,2,3,0,2,1,1
C. LIU,E. RYBAKINA,wimbledon,2021,2,130,5,4,39/60 (65%),27/39 (69%),8/21 (38%),2/2 (100%),1/3 (33%),24/70 (34%),13,18,59,21.4 m70.3 ft,5,0,5,1,0,2,0,0,0,0,0,1,5,11,13,0,0,0,0,0,0,1,4,0,1,0,0
E. RYBAKINA,C. LIU,wimbledon,2021,2,130,7,4,35/70 (50%),29/35 (83%),17/35 (49%),13/18 (72%),3/3 (100%),25/60 (42%),28,23,71,20.0 m65.6 ft,6,1,7,0,0,3,1,1,1,1,0,1,15,6,17,0,0,0,0,0,0,0,1,0,4,0,0
E. ALEXANDROVA,M. OSORIO SERRANO,wimbledon,2021,2,133,6,4,38/62 (61%),21/38 (55%),12/24 (50%),13/23 (57%),2/7 (29%),28/71 (39%),22,24,61,22.6 m74.0 ft,5,1,6,0,0,1,4,1,2,2,0,2,7,20,15,0,0,0,0,0,0,0,0,0,3,3,1
M. OSORIO SERRANO,E. ALEXANDROVA,wimbledon,2021,2,133,1,1,49/71 (69%),33/49 (67%),10/22 (45%),0/2 (0%),5/9 (56%),29/62 (47%),4,13,72,23.5 m77.1 ft,1,0,1,0,0,0,0,0,0,1,0,3,2,17,7,0,1,1,0,0,0,0,0,0,0,0,1
K. BOULTER,A. SABALENKA,wimbledon,2021,2,180,3,2,57/92 (62%),32/57 (56%),19/35 (54%),14/19 (74%),3/12 (25%),33/88 (38%),23,14,84,22.9 m75.1 ft,3,0,3,0,0,1,2,0,1,0,0,0,7,25,10,3,0,0,2,0,0,2,4,1,4,0,0
A. SABALENKA,K. BOULTER,wimbledon,2021,2,180,10,6,54/88 (61%),36/54 (67%),19/34 (56%),10/20 (50%),5/6 (83%),41/92 (45%),27,30,96,22.7 m74.3 ft,9,1,10,1,0,2,0,0,1,0,0,1,11,10,20,0,0,0,1,0,0,2,2,0,2,1,2
A. BARTY,K. SINIAKOVA,wimbledon,2021,3,151,8,0,49/79 (62%),33/49 (67%),17/30 (57%),13/18 (72%),4/13 (31%),33/72 (46%),26,23,83,26.1 m85.6 ft,8,0,8,1,0,2,0,0,2,0,0,1,9,12,19,0,3,0,1,0,0,3,4,0,4,0,1
K. SINIAKOVA,A. BARTY,wimbledon,2021,3,151,3,5,40/72 (56%),27/40 (68%),12/32 (38%),15/23 (65%),2/7 (29%),29/79 (37%),21,23,68,25.5 m83.5 ft,3,0,3,0,0,2,2,0,0,1,0,1,8,17,15,0,1,0,1,0,0,2,5,0,4,0,2
A. SEVASTOVA,B. KREJCIKOVA,wimbledon,2021,3,218,4,7,69/106 (65%),51/69 (74%),14/37 (38%),13/18 (72%),4/11 (36%),43/112 (38%),27,31,108,26.5 m86.8 ft,4,0,4,2,0,1,1,0,0,3,0,1,12,11,21,0,1,0,2,0,0,3,9,2,0,0,0
B. KREJCIKOVA,A. SEVASTOVA,wimbledon,2021,3,218,4,5,65/112 (58%),46/65 (71%),23/47 (49%),35/44 (80%),4/9 (44%),41/106 (39%),44,57,110,24.3 m79.7 ft,4,0,4,0,0,1,3,0,5,5,0,3,16,7,44,0,2,0,2,0,0,2,4,0,12,1,0
S. CIRSTEA,E. RADUCANU,wimbledon,2021,3,149,2,3,50/97 (52%),33/50 (66%),16/47 (34%),10/17 (59%),2/3 (67%),16/52 (31%),18,18,65,24.6 m80.8 ft,2,0,2,2,1,0,2,0,0,1,0,0,10,22,15,0,0,0,0,0,0,0,2,0,0,1,0
E. RADUCANU,S. CIRSTEA,wimbledon,2021,3,149,4,4,35/52 (67%),29/35 (83%),7/17 (41%),4/7 (57%),5/16 (31%),48/97 (49%),30,17,84,25.9 m84.8 ft,4,0,4,0,1,2,1,0,0,0,0,0,17,12,12,1,3,0,0,0,0,5,3,0,1,0,1
J. OSTAPENKO,A. TOMLJANOVIC,wimbledon,2021,3,170,2,8,48/86 (56%),28/48 (58%),16/38 (42%),8/12 (67%),5/6 (83%),36/84 (43%),26,31,80,20.1 m65.9 ft,2,0,2,0,0,2,2,0,0,2,0,1,13,19,22,0,0,0,0,0,0,1,3,0,6,2,0
A. TOMLJANOVIC,J. OSTAPENKO,wimbledon,2021,3,170,3,2,58/84 (69%),36/58 (62%),12/26 (46%),4/5 (80%),7/13 (54%),42/86 (49%),15,11,90,21.8 m71.4 ft,3,0,3,1,0,4,1,0,0,0,0,0,9,28,9,0,0,0,0,0,0,1,1,0,0,0,0
M. LINETTE,P. BADOSA,wimbledon,2021,3,221,4,2,74/121 (61%),48/74 (65%),18/47 (38%),18/20 (90%),3/9 (33%),38/100 (38%),39,42,104,21.8 m71.4 ft,4,0,4,1,0,3,0,0,0,3,0,3,22,20,37,1,0,0,2,0,0,1,1,0,5,1,0
P. BADOSA,M. LINETTE,wimbledon,2021,3,221,8,7,59/100 (59%),44/59 (75%),18/41 (44%),6/11 (55%),5/17 (29%),55/121 (45%),36,38,117,22.7 m74.4 ft,8,0,8,0,1,2,2,0,3,0,0,0,24,9,26,0,2,1,0,0,0,0,5,1,1,0,0
K. MUCHOVA,A. PAVLYUCHENKOVA,wimbledon,2021,3,144,3,1,37/62 (60%),23/37 (62%),10/25 (40%),10/16 (63%),7/18 (39%),44/82 (54%),20,16,77,23.2 m76.0 ft,3,0,3,0,0,0,2,0,2,4,0,1,5,15,11,0,1,0,0,0,0,1,1,0,5,3,1
A. PAVLYUCHENKOVA,K. MUCHOVA,wimbledon,2021,3,144,1,5,53/82 (65%),28/53 (53%),10/29 (34%),11/20 (55%),4/6 (67%),29/62 (47%),21,34,67,22.2 m73.0 ft,1,0,1,0,0,3,2,0,3,2,0,2,9,14,22,0,0,0,3,0,0,1,2,0,3,0,2
K. JUVAN,C. GAUFF,wimbledon,2021,3,108,1,2,31/50 (62%),18/31 (58%),5/19 (26%),8/21 (38%),2/6 (33%),22/58 (38%),17,21,45,25.1 m82.3 ft,1,0,1,3,0,1,0,0,0,0,0,2,5,8,14,1,0,1,0,0,0,1,5,0,6,1,2
C. GAUFF,K. JUVAN,wimbledon,2021,3,108,5,4,33/58 (57%),23/33 (70%),13/25 (52%),14/21 (67%),5/7 (71%),27/50 (54%),21,17,63,24.2 m79.3 ft,5,0,5,1,1,1,1,0,0,0,0,1,5,6,12,0,0,0,0,0,0,5,1,0,3,0,0
A. KERBER,A. SASNOVICH,wimbledon,2021,3,121,6,2,40/59 (68%),32/40 (80%),9/19 (47%),8/8 (100%),5/9 (56%),31/62 (50%),22,7,72,22.2 m72.8 ft,5,1,6,1,0,2,1,0,0,0,0,0,10,5,5,0,0,0,0,0,0,3,2,0,1,0,0
A. SASNOVICH,A. KERBER,wimbledon,2021,3,121,3,5,36/62 (58%),20/36 (56%),11/26 (42%),10/17 (59%),2/4 (50%),18/59 (31%),26,25,49,22.0 m72.2 ft,3,0,3,0,0,5,6,1,0,4,0,2,11,12,17,0,0,0,0,0,0,0,2,0,2,1,1
KA. PLISKOVA,T. MARTINCOVA,wimbledon,2021,3,144,7,9,54/77 (70%),39/54 (72%),9/23 (39%),10/12 (83%),4/12 (33%),32/67 (48%),30,36,80,25.0 m81.9 ft,6,1,7,0,0,2,1,0,0,3,0,1,17,7,26,0,0,0,0,0,0,0,3,0,2,0,0
T. MARTINCOVA,KA. PLISKOVA,wimbledon,2021,3,144,1,4,42/67 (63%),24/42 (57%),11/25 (44%),6/7 (86%),1/8 (13%),29/77 (38%),11,21,64,27.4 m89.9 ft,1,0,1,1,0,0,0,0,1,0,0,0,5,17,15,0,0,0,1,0,0,2,2,1,1,0,0
L. SAMSONOVA,S. STEPHENS,wimbledon,2021,3,175,4,5,39/78 (50%),25/39 (64%),19/39 (49%),6/12 (50%),6/14 (43%),46/97 (47%),31,44,90,23.1 m75.9 ft,4,0,4,2,1,3,5,0,2,2,0,0,12,9,35,0,0,0,0,0,1,3,1,0,2,2,1
S. STEPHENS,L. SAMSONOVA,wimbledon,2021,3,175,0,4,66/97 (68%),41/66 (62%),10/31 (32%),2/5 (40%),5/7 (71%),34/78 (44%),8,17,85,25.0 m82.0 ft,0,0,0,0,0,1,0,0,0,1,0,0,7,21,13,0,0,0,0,0,0,0,3,0,0,0,0
E. MERTENS,M. KEYS,wimbledon,2021,3,123,1,6,34/63 (54%),24/34 (71%),11/29 (38%),4/6 (67%),2/4 (50%),20/60 (33%),9,17,55,23.1 m75.8 ft,1,0,1,0,0,1,1,0,0,0,0,0,4,10,11,2,0,0,0,0,0,1,1,0,0,1,0
M. KEYS,E. MERTENS,wimbledon,2021,3,123,2,1,40/60 (67%),29/40 (73%),11/20 (55%),9/13 (69%),4/8 (50%),28/63 (44%),29,19,68,22.7 m74.6 ft,2,0,2,2,0,5,1,0,2,0,0,2,19,9,14,0,0,0,3,0,0,0,2,0,2,0,0
V. GOLUBIC,M. BRENGLE,wimbledon,2021,3,117,2,0,38/57 (67%),23/38 (61%),12/19 (63%),17/23 (74%),6/11 (55%),35/60 (58%),31,24,70,28.3 m92.7 ft,2,0,2,0,0,1,4,1,0,6,0,0,7,8,23,3,0,0,2,0,1,3,0,0,4,2,0
M. BRENGLE,V. GOLUBIC,wimbledon,2021,3,117,0,2,50/60 (83%),21/50 (42%),4/10 (40%),4/19 (21%),1/7 (14%),22/57 (39%),11,19,47,28.3 m92.8 ft,0,0,0,0,0,1,0,0,0,0,0,0,7,8,15,0,0,0,0,0,1,2,4,0,2,2,1
I. SWIATEK,I. BEGU,wimbledon,2021,3,84,2,0,21/38 (55%),18/21 (86%),12/17 (71%),1/2 (50%),5/9 (56%),29/46 (63%),11,6,59,22.4 m73.4 ft,2,0,2,0,0,1,1,0,0,0,0,0,7,3,6,1,1,0,0,0,0,0,1,0,0,0,0
I. BEGU,I. SWIATEK,wimbledon,2021,3,84,1,7,28/46 (61%),12/28 (43%),5/18 (28%),3/4 (75%),0/3 (0%),8/38 (21%),9,25,25,22.5 m73.8 ft,1,0,1,1,1,2,0,0,0,1,0,1,3,10,17,0,0,0,0,0,0,1,0,0,1,0,0
O. JABEUR,G. MUGURUZA,wimbledon,2021,3,220,6,4,58/100 (58%),40/58 (69%),20/42 (48%),18/22 (82%),5/29 (17%),56/120 (47%),44,27,116,25.1 m82.4 ft,6,0,6,2,0,4,3,1,0,2,2,4,20,26,19,0,0,0,0,0,0,4,2,0,7,0,0
G. MUGURUZA,O. JABEUR,wimbledon,2021,3,220,4,2,76/120 (63%),47/76 (62%),17/44 (39%),16/34 (47%),3/12 (25%),40/100 (40%),32,26,104,24.3 m79.7 ft,3,1,4,0,0,2,0,0,2,0,0,1,19,23,21,1,2,0,3,0,0,1,4,0,4,0,0
S. ROGERS,E. RYBAKINA,wimbledon,2021,3,112,1,3,31/52 (60%),17/31 (55%),11/21 (52%),6/6 (100%),0/3 (0%),19/60 (32%),12,10,47,20.9 m68.5 ft,1,0,1,1,0,2,0,0,0,1,0,0,7,17,7,0,0,0,0,0,0,1,1,0,1,0,0
E. RYBAKINA,S. ROGERS,wimbledon,2021,3,112,8,3,32/60 (53%),27/32 (84%),14/28 (50%),4/7 (57%),3/8 (38%),24/52 (46%),22,16,65,20.1 m65.9 ft,7,1,8,1,0,2,1,0,0,0,0,0,10,8,9,0,0,0,0,0,0,0,0,3,2,0,1
M. OSORIO SERRANO,A. SABALENKA,wimbledon,2021,3,116,0,6,34/53 (64%),16/34 (47%),5/19 (26%),5/7 (71%),2/10 (20%),28/63 (44%),9,17,49,23.4 m76.6 ft,0,0,0,0,0,0,0,0,0,2,0,1,4,13,10,0,0,0,0,0,0,1,6,0,2,0,0
A. SABALENKA,M. OSORIO SERRANO,wimbledon,2021,3,116,5,6,30/63 (48%),16/30 (53%),19/33 (58%),13/20 (65%),6/9 (67%),32/53 (60%),22,31,67,22.1 m72.5 ft,3,2,5,0,0,3,1,0,0,3,0,0,7,3,21,0,0,0,1,0,1,1,1,0,4,0,3
A. BARTY,B. KREJCIKOVA,wimbledon,2021,4,149,7,5,41/77 (53%),32/41 (78%),16/36 (44%),7/9 (78%),4/7 (57%),33/72 (46%),22,24,81,26.2 m85.9 ft,7,0,7,3,0,0,1,0,0,1,1,0,5,8,17,2,1,0,0,0,0,3,5,2,0,1,0
B. KREJCIKOVA,A. BARTY,wimbledon,2021,4,149,4,4,49/72 (68%),30/49 (61%),9/23 (39%),14/24 (58%),2/10 (20%),29/77 (38%),19,22,68,24.6 m80.7 ft,4,0,4,1,0,0,1,0,0,0,1,2,9,16,15,0,0,0,1,0,0,0,5,0,3,2,1
E. RADUCANU,A. TOMLJANOVIC,wimbledon,2021,4,97,2,3,23/42 (55%),16/23 (70%),9/19 (47%),0/1 (0%),0/5 (0%),19/55 (35%),6,25,44,26.8 m87.8 ft,2,0,2,1,1,0,0,0,0,0,0,1,2,13,20,0,1,0,0,0,0,0,0,1,0,0,0
A. TOMLJANOVIC,E. RADUCANU,wimbledon,2021,4,97,1,5,31/55 (56%),23/31 (74%),13/24 (54%),2/3 (67%),2/4 (50%),17/42 (40%),4,17,53,28.9 m94.7 ft,1,0,1,0,0,0,0,0,0,0,0,0,3,11,12,0,0,0,0,0,0,0,0,0,0,1,0
P. BADOSA,K. MUCHOVA,wimbledon,2021,4,138,2,6,44/69 (64%),30/44 (68%),11/25 (44%),13/16 (81%),2/5 (40%),25/69 (36%),16,30,66,24.8 m81.4 ft,2,0,2,0,0,0,0,0,1,0,0,0,8,8,23,0,0,0,2,0,0,3,2,0,1,0,0
K. MUCHOVA,P. BADOSA,wimbledon,2021,4,138,1,3,47/69 (68%),34/47 (72%),10/22 (45%),10/16 (63%),3/7 (43%),28/69 (41%),21,24,72,25.7 m84.3 ft,0,1,1,0,0,1,0,0,0,2,0,2,9,9,19,2,2,0,1,0,0,0,5,0,6,1,0
C. GAUFF,A. KERBER,wimbledon,2021,4,122,6,2,35/62 (56%),20/35 (57%),14/27 (52%),10/19 (53%),2/6 (33%),23/60 (38%),25,27,57,23.5 m77.0 ft,6,0,6,1,0,0,2,0,1,1,0,2,12,9,22,0,0,0,1,0,0,0,0,0,2,2,0
A. KERBER,C. GAUFF,wimbledon,2021,4,122,3,5,42/60 (70%),28/42 (67%),9/18 (50%),6/6 (100%),4/5 (80%),28/62 (45%),22,20,65,24.4 m80.1 ft,3,0,3,0,0,3,1,0,0,0,0,0,11,6,15,1,0,0,2,0,0,3,4,0,1,0,0
KA. PLISKOVA,L. SAMSONOVA,wimbledon,2021,4,114,10,6,35/61 (57%),29/35 (83%),11/26 (42%),3/5 (60%),4/6 (67%),26/53 (49%),17,19,66,20.4 m66.9 ft,8,2,10,0,0,1,1,0,1,0,0,0,4,7,11,0,0,0,0,0,0,1,2,1,1,0,0
L. SAMSONOVA,KA. PLISKOVA,wimbledon,2021,4,114,2,5,27/53 (51%),14/27 (52%),13/26 (50%),6/12 (50%),1/5 (20%),21/61 (34%),11,25,48,19.5 m63.8 ft,2,0,2,0,0,2,1,0,2,0,0,1,7,12,15,0,0,0,0,0,0,0,1,0,1,0,2
M. KEYS,V. GOLUBIC,wimbledon,2021,4,155,8,4,51/83 (61%),31/51 (61%),14/32 (44%),15/26 (58%),3/5 (60%),26/72 (36%),27,32,71,23.6 m77.5 ft,7,1,8,1,0,2,0,0,2,2,0,0,12,13,26,0,0,0,2,0,0,1,4,0,1,1,0
V. GOLUBIC,M. KEYS,wimbledon,2021,4,155,2,1,48/72 (67%),33/48 (69%),13/24 (54%),11/14 (79%),4/10 (40%),38/83 (46%),28,9,84,24.7 m81.1 ft,2,0,2,0,0,1,1,0,0,5,1,0,10,20,8,1,2,0,1,0,0,5,4,0,3,0,0
I. SWIATEK,O. JABEUR,wimbledon,2021,4,157,2,5,31/68 (46%),18/31 (58%),14/37 (38%),10/18 (56%),3/15 (20%),33/89 (37%),20,27,65,22.5 m73.9 ft,2,0,2,0,0,1,3,0,1,0,0,1,13,16,19,0,0,0,0,0,0,1,4,0,1,1,1
O. JABEUR,I. SWIATEK,wimbledon,2021,4,157,9,3,52/89 (58%),39/52 (75%),17/37 (46%),8/15 (53%),7/7 (100%),36/68 (53%),30,23,92,23.6 m77.4 ft,9,0,9,3,0,4,0,0,1,2,0,4,11,12,10,0,0,1,1,0,2,1,2,0,3,1,2
E. RYBAKINA,A. SABALENKA,wimbledon,2021,4,175,10,7,49/87 (56%),36/49 (73%),11/38 (29%),10/13 (77%),3/6 (50%),34/88 (39%),23,30,81,19.2 m62.9 ft,10,0,10,0,0,3,2,0,0,1,0,0,6,15,21,0,0,0,0,0,0,2,2,0,2,1,2
A. SABALENKA,E. RYBAKINA,wimbledon,2021,4,175,10,2,54/88 (61%),36/54 (67%),18/34 (53%),8/13 (62%),5/11 (45%),40/87 (46%),33,31,94,19.1 m62.8 ft,10,0,10,2,0,1,1,0,0,1,0,3,15,11,25,0,1,0,1,0,0,0,3,0,3,1,1
A. BARTY,A. TOMLJANOVIC,wimbledon,2021,5,102,5,4,26/46 (57%),18/26 (69%),11/20 (55%),6/7 (86%),6/11 (55%),32/56 (57%),23,22,61,26.6 m87.3 ft,5,0,5,0,0,0,2,0,1,0,0,0,13,8,15,0,1,0,1,1,0,2,0,2,0,0,0
A. TOMLJANOVIC,A. BARTY,wimbledon,2021,5,102,2,2,34/56 (61%),16/34 (47%),8/22 (36%),4/7 (57%),2/4 (50%),17/46 (37%),5,20,41,27.3 m89.5 ft,2,0,2,0,0,0,0,0,0,0,0,1,2,6,17,0,0,0,0,0,0,0,2,0,1,1,0
K. MUCHOVA,A. KERBER,wimbledon,2021,5,112,1,1,26/45 (58%),16/26 (62%),7/19 (37%),8/16 (50%),1/8 (13%),25/67 (37%),9,27,48,28.7 m94.0 ft,1,0,1,0,0,0,0,0,4,2,0,1,1,12,21,1,0,0,0,0,0,0,1,0,4,0,0
A. KERBER,K. MUCHOVA,wimbledon,2021,5,112,1,4,41/67 (61%),28/41 (68%),14/26 (54%),6/10 (60%),4/6 (67%),22/45 (49%),15,21,64,27.5 m90.1 ft,1,0,1,0,0,1,0,0,0,2,0,0,7,10,17,0,0,0,1,1,0,3,2,0,1,0,0
KA. PLISKOVA,V. GOLUBIC,wimbledon,2021,5,116,8,3,36/52 (69%),30/36 (83%),9/16 (56%),17/21 (81%),4/10 (40%),32/64 (50%),28,19,71,28.8 m94.5 ft,7,1,8,3,0,1,0,0,0,1,0,0,11,6,14,0,0,0,1,0,0,2,4,1,2,2,1
V. GOLUBIC,KA. PLISKOVA,wimbledon,2021,5,116,0,3,39/64 (61%),22/39 (56%),10/25 (40%),11/18 (61%),0/3 (0%),13/52 (25%),10,16,45,29.8 m97.8 ft,0,0,0,0,0,0,0,0,1,4,0,0,2,12,10,0,0,1,1,0,1,2,3,0,1,1,0
O. JABEUR,A. SABALENKA,wimbledon,2021,5,133,4,2,42/65 (65%),31/42 (74%),7/23 (30%),6/8 (75%),1/7 (14%),23/68 (34%),22,11,61,19.8 m65.0 ft,4,0,4,2,0,2,0,0,0,2,0,5,6,15,4,0,0,0,2,0,0,3,3,0,3,0,0
A. SABALENKA,O. JABEUR,wimbledon,2021,5,133,3,5,41/68 (60%),34/41 (83%),11/27 (41%),11/20 (55%),3/10 (30%),27/65 (42%),27,20,72,20.0 m65.7 ft,3,0,3,2,0,4,1,0,0,1,0,2,16,6,11,0,1,0,0,0,0,2,0,0,2,0,2
A. BARTY,A. KERBER,wimbledon,2021,6,140,8,4,41/74 (55%),36/41 (88%),15/33 (45%),10/14 (71%),2/5 (40%),26/66 (39%),38,16,77,27.4 m89.9 ft,8,0,8,2,0,1,5,0,0,1,0,0,14,22,12,0,0,0,2,1,0,2,0,0,4,0,0
A. KERBER,A. BARTY,wimbledon,2021,6,140,0,3,36/66 (55%),23/36 (64%),17/30 (57%),2/4 (50%),1/6 (17%),23/74 (31%),16,23,63,26.9 m88.4 ft,0,0,0,0,0,2,0,0,0,0,0,0,13,8,20,1,0,0,1,0,0,1,0,0,0,0,0
KA. PLISKOVA,A. SABALENKA,wimbledon,2021,6,183,14,4,54/83 (65%),42/54 (78%),20/29 (69%),3/11 (27%),2/10 (20%),34/100 (34%),32,17,96,21.0 m69.0 ft,14,0,14,0,0,6,2,0,1,0,0,1,11,8,10,0,0,0,0,0,0,2,3,0,3,0,1
A. SABALENKA,KA. PLISKOVA,wimbledon,2021,6,183,18,4,67/100 (67%),50/67 (75%),16/33 (48%),14/21 (67%),1/1 (100%),21/83 (25%),38,20,87,21.0 m69.0 ft,16,2,18,2,0,2,2,0,0,2,2,1,9,20,15,0,0,0,1,0,0,2,0,0,2,2,0
A. BARTY,KA. PLISKOVA,wimbledon,2021,7,166,7,7,54/89 (61%),36/54 (67%),19/35 (54%),8/15 (53%),6/8 (75%),33/77 (43%),30,29,88,28.9 m94.7 ft,7,0,7,2,0,0,1,1,1,0,0,0,12,9,19,1,1,0,4,0,0,1,2,0,2,0,2
KA. PLISKOVA,A. BARTY,wimbledon,2021,7,166,6,5,54/77 (70%),36/54 (67%),8/23 (35%),13/21 (62%),4/5 (80%),34/89 (38%),27,32,78,28.4 m93.2 ft,6,0,6,0,0,3,0,0,0,0,0,0,10,13,26,0,0,0,3,0,0,3,0,0,5,3,1
